Workbook

Sheet Provstidata
A1: Stift | B1: Provsti | C1: Indbyggertal | D1: Folkekirkemedlemmer | E1: Ikke-medlemmer | F1: Medlemsprocent | G1: Befolkning 2040 | H1: Befolkningsændring til 2040 | I1: Befolkningsændring til 2040 % | J1: Lokal ligning t.kr. | K1: Maks. stiftsbidrag 1 % (t.kr.) | L1: Menighedsråd | M1: Pastorater | N1: Sogne | O1: Kirker | P1: Præster inkl. LOFI | Q1: Præsteårsværk inkl. LOFI | R1: Sognepræster | S1: Overenskomstansatte sognepræster | T1: Præster i alt | U1: Datakilde primær | V1: Datakilde supplerende
A2: Fyens Stift | B2: Assens Provsti | C2: 40053 | D2: 32527 | E2: 7526 | F2: 0.81209897 | G2: 38708 | H2: -1345 | J2: 59205.43 | K2: 592.0543 | L2: 22 | M2: 16 | N2: 29 | O2: 31 | P2: 18 | Q2: 18 | R2: 20 | S2: 0 | T2: 20 | U2: Tabel vedr. stifter og provstier slut torsdag | V2: provsti.dk-data fra tidligere app-datasæt
A3: Fyens Stift | B3: Bogense Provsti | C3: 29392 | D3: 24016 | E3: 5376 | F3: 0.81709309 | G3: 28490 | H3: -902 | J3: 45762.202 | K3: 457.62202 | L3: 18 | M3: 11 | N3: 27 | O3: 30 | P3: 14 | Q3: 14 | R3: 15 | S3: 4 | T3: 19 | U3: Tabel vedr. stifter og provstier slut torsdag | V3: provsti.dk-data fra tidligere app-datasæt
A4: Fyens Stift | B4: Fåborg Provsti | C4: 21957 | D4: 17515 | E4: 4442 | F4: 0.7976955 | G4: 22412 | H4: 455 | J4: 76840.259 | K4: 768.40259 | L4: 14 | M4: 9 | N4: 18 | O4: 20 | P4: 10 | Q4: 10 | R4: 16 | S4: 0 | T4: 16 | U4: Tabel vedr. stifter og provstier slut torsdag | V4: provsti.dk-data fra tidligere app-datasæt
A5: Fyens Stift | B5: Hjallese Provsti | C5: 104714 | D5: 79163 | E5: 25551 | F5: 0.75599251 | K5: 0 | L5: 20 | M5: 17 | N5: 25 | O5: 27 | P5: 36 | Q5: 36 | R5: 32 | S5: 12 | T5: 44 | U5: Tabel vedr. stifter og provstier slut torsdag | V5: provsti.dk-data fra tidligere app-datasæt
A6: Fyens Stift | B6: Kerteminde-Nyborg Provsti | C6: 56771 | D6: 44413 | E6: 12358 | F6: 0.78231844 | G6: 56514 | H6: -257 | J6: 81248.872 | K6: 812.48872 | L6: 18 | M6: 18 | N6: 30 | O6: 39 | P6: 21 | Q6: 21 | R6: 24 | S6: 3 | T6: 27 | U6: Tabel vedr. stifter og provstier slut torsdag | V6: provsti.dk-data fra tidligere app-datasæt
A7: Fyens Stift | B7: Langeland-Ærø Provsti | C7: 17556 | D7: 13767 | E7: 3789 | F7: 0.78417635 | G7: 16302 | H7: -1254 | J7: 28842.8 | K7: 288.428 | L7: 9 | M7: 7 | N7: 24 | O7: 30 | P7: 11 | Q7: 11 | R7: 12 | S7: 0 | T7: 12 | U7: Tabel vedr. stifter og provstier slut torsdag | V7: provsti.dk-data fra tidligere app-datasæt
A8: Fyens Stift | B8: Middelfart Provsti | C8: 40606 | D8: 33146 | E8: 7460 | F8: 0.81628331 | G8: 42741 | H8: 2135 | J8: 58156.085 | K8: 581.56085 | L8: 13 | M8: 10 | N8: 21 | O8: 24 | P8: 13 | Q8: 13 | R8: 14 | S8: 2 | T8: 16 | U8: Tabel vedr. stifter og provstier slut torsdag | V8: provsti.dk-data fra tidligere app-datasæt
A9: Fyens Stift | B9: Midtfyn Provsti | C9: 30316 | D9: 24467 | E9: 5849 | F9: 0.80706558 | K9: 0 | L9: 13 | M9: 11 | N9: 18 | O9: 23 | P9: 8 | Q9: 8 | R9: 18 | S9: 0 | T9: 18 | U9: Tabel vedr. stifter og provstier slut torsdag | V9: provsti.dk-data fra tidligere app-datasæt
A10: Fyens Stift | B10: Odense Sankt Knuds Provsti | C10: 108717 | D10: 70051 | E10: 38666 | F10: 0.64434265 | G10: 117149 | H10: 8432 | J10: 174147.86 | K10: 1741.4786 | L10: 11 | M10: 11 | N10: 11 | O10: 17 | P10: 26 | Q10: 26 | R10: 22 | S10: 8 | T10: 30 | U10: Tabel vedr. stifter og provstier slut torsdag | V10: provsti.dk-data fra tidligere app-datasæt
A11: Fyens Stift | B11: Svendborg Provsti | C11: 60064 | D11: 45484 | E11: 14580 | F11: 0.75725892 | G11: 62791 | H11: 2727 | J11: 84114.012 | K11: 841.14012 | L11: 19 | M11: 18 | N11: 28 | O11: 34 | P11: 20 | Q11: 20 | R11: 32 | S11: 2 | T11: 34 | U11: Tabel vedr. stifter og provstier slut torsdag | V11: provsti.dk-data fra tidligere app-datasæt
A12: Haderslev Stift | B12: Fredericia Provsti | C12: 52920 | D12: 39397 | E12: 13523 | F12: 0.74446334 | G12: 54541 | H12: 1621 | J12: 67414.748 | K12: 674.14748 | L12: 10 | M12: 10 | N12: 11 | O12: 14 | P12: 20 | Q12: 20 | R12: 15 | S12: 6 | T12: 21 | U12: Tabel vedr. stifter og provstier slut torsdag | V12: provsti.dk-data fra tidligere app-datasæt
A13: Haderslev Stift | B13: Haderslev Domprovsti | C13: 55128 | D13: 42941 | E13: 12187 | F13: 0.77893267 | G13: 52775 | H13: -2353 | J13: 77002.24 | K13: 770.0224 | L13: 25 | M13: 18 | N13: 27 | O13: 32 | P13: 27 | Q13: 27 | R13: 28 | S13: 4 | T13: 32 | U13: Tabel vedr. stifter og provstier slut torsdag | V13: provsti.dk-data fra tidligere app-datasæt
A14: Haderslev Stift | B14: Hedensted Provsti | C14: 48584 | D14: 38907 | E14: 9677 | F14: 0.8008192 | G14: 52440 | H14: 3856 | J14: 70743.248 | K14: 707.43248 | L14: 20 | M14: 16 | N14: 33 | O14: 37 | P14: 22 | Q14: 22 | R14: 18 | S14: 4 | T14: 22 | U14: Tabel vedr. stifter og provstier slut torsdag | V14: provsti.dk-data fra tidligere app-datasæt
A15: Haderslev Stift | B15: Kolding Provsti | C15: 96295 | D15: 71735 | E15: 24560 | F15: 0.74495041 | G15: 99337 | H15: 3042 | J15: 127013.16 | K15: 1270.1316 | L15: 24 | M15: 22 | N15: 30 | O15: 39 | P15: 34 | Q15: 34 | R15: 32 | S15: 12 | T15: 44 | U15: Tabel vedr. stifter og provstier slut torsdag | V15: provsti.dk-data fra tidligere app-datasæt
A16: Haderslev Stift | B16: Sønderborg Provsti | C16: 74007 | D16: 54438 | E16: 19569 | F16: 0.73557907 | G16: 70785 | H16: -3222 | J16: 96872.301 | K16: 968.72301 | L16: 23 | M16: 20 | N16: 25 | O16: 36 | P16: 27 | Q16: 27 | R16: 27 | S16: 3 | T16: 30 | U16: Tabel vedr. stifter og provstier slut torsdag | V16: provsti.dk-data fra tidligere app-datasæt
A17: Haderslev Stift | B17: Vejle Provsti | C17: 105803 | D17: 76427 | E17: 29376 | F17: 0.72235192 | G17: 115251 | H17: 9448 | J17: 157938.06 | K17: 1579.3806 | L17: 24 | M17: 23 | N17: 27 | O17: 38 | P17: 40 | Q17: 40 | R17: 29 | S17: 13 | T17: 42 | U17: Tabel vedr. stifter og provstier slut torsdag | V17: provsti.dk-data fra tidligere app-datasæt
A18: Haderslev Stift | B18: Aabenraa Provsti | C18: 58295 | D18: 42800 | E18: 15495 | F18: 0.73419676 | G18: 55521 | H18: -2774 | J18: 76710.98 | K18: 767.1098 | L18: 19 | M18: 16 | N18: 20 | O18: 26 | P18: 24 | Q18: 24 | R18: 23 | S18: 4 | T18: 27 | U18: Tabel vedr. stifter og provstier slut torsdag | V18: provsti.dk-data fra tidligere app-datasæt
A19: Helsingør Stift | B19: Ballerup-Furesø Provsti | C19: 96886 | D19: 57614 | E19: 39272 | F19: 0.59465764 | G19: 107269 | H19: 10383 | J19: 94940.907 | K19: 949.40907 | L19: 7 | M19: 6 | N19: 7 | O19: 13 | P19: 25 | Q19: 25 | R19: 20 | S19: 7 | T19: 27 | U19: Tabel vedr. stifter og provstier slut torsdag | V19: provsti.dk-data fra tidligere app-datasæt
A20: Helsingør Stift | B20: Fredensborg Provsti | C20: 67449 | D20: 44535 | E20: 22914 | F20: 0.66027665 | G20: 67792 | H20: 343 | J20: 68792.458 | K20: 687.92458 | L20: 6 | M20: 6 | N20: 6 | O20: 13 | P20: 17 | Q20: 17 | R20: 17 | S20: 5 | T20: 22 | U20: Tabel vedr. stifter og provstier slut torsdag | V20: provsti.dk-data fra tidligere app-datasæt
A21: Helsingør Stift | B21: Frederikssund Provsti | C21: 94104 | D21: 68391 | E21: 25713 | F21: 0.72675976 | G21: 99395 | H21: 5291 | J21: 121566.87 | K21: 1215.6687 | L21: 17 | M21: 15 | N21: 25 | O21: 28 | P21: 32 | Q21: 32 | R21: 28 | S21: 7 | T21: 35 | U21: Tabel vedr. stifter og provstier slut torsdag | V21: provsti.dk-data fra tidligere app-datasæt
A22: Helsingør Stift | B22: Frederiksværk Provsti | C22: 73710 | D22: 53698 | E22: 20012 | F22: 0.7285036 | G22: 74147 | H22: 437 | J22: 90257.527 | K22: 902.57527 | L22: 16 | M22: 13 | N22: 18 | O22: 25 | P22: 23 | Q22: 23 | R22: 23 | S22: 4 | T22: 27 | U22: Tabel vedr. stifter og provstier slut torsdag | V22: provsti.dk-data fra tidligere app-datasæt
A23: Helsingør Stift | B23: Gentofte Provsti | C23: 75086 | D23: 48605 | E23: 26481 | F23: 0.6473244 | G23: 71620 | H23: -3466 | I23: -0.046275033 | J23: 62914.377 | K23: 629.14377 | L23: 9 | M23: 9 | N23: 9 | O23: 14 | P23: 19 | Q23: 19 | R23: 21 | S23: 3 | T23: 24 | U23: Tabel vedr. stifter og provstier slut torsdag | V23: provsti.dk-data fra tidligere app-datasæt
A24: Helsingør Stift | B24: Gladsaxe-Herlev Provsti | C24: 103096 | D24: 55870 | E24: 47226 | F24: 0.54192209 | G24: 107077 | H24: 3981 | I24: 0.038890626 | J24: 94535.17 | K24: 945.3517 | L24: 10 | M24: 10 | N24: 11 | O24: 14 | P24: 28 | Q24: 28 | R24: 29 | S24: 4 | T24: 33 | U24: Tabel vedr. stifter og provstier slut torsdag | V24: provsti.dk-data fra tidligere app-datasæt
A25: Helsingør Stift | B25: Glostrup Provsti | C25: 114960 | D25: 54408 | E25: 60552 | F25: 0.47327766 | G25: 125095 | H25: 10135 | I25: 0.08960621 | J25: 87883.824 | K25: 878.83824 | L25: 9 | M25: 9 | N25: 9 | O25: 17 | P25: 29 | Q25: 29 | R25: 29 | S25: 4 | T25: 33 | U25: Tabel vedr. stifter og provstier slut torsdag | V25: provsti.dk-data fra tidligere app-datasæt
A26: Helsingør Stift | B26: Helsingør Domprovsti | C26: 64392 | D26: 43290 | E26: 21102 | F26: 0.67228848 | G26: 65520 | H26: 1128 | I26: 0.017581047 | J26: 55124.838 | K26: 551.24838 | L26: 10 | M26: 9 | N26: 10 | O26: 12 | P26: 21 | Q26: 21 | R26: 17 | S26: 6 | T26: 23 | U26: Tabel vedr. stifter og provstier slut torsdag | V26: provsti.dk-data fra tidligere app-datasæt
A27: Helsingør Stift | B27: Hillerød Provsti | C27: 82244 | D27: 56842 | E27: 25402 | F27: 0.69113856 | G27: 87112 | H27: 4868 | J27: 79963.177 | K27: 799.63177 | L27: 15 | M27: 14 | N27: 20 | O27: 25 | P27: 27 | Q27: 27 | R27: 21 | S27: 10 | T27: 31 | U27: Tabel vedr. stifter og provstier slut torsdag | V27: provsti.dk-data fra tidligere app-datasæt
A28: Helsingør Stift | B28: Høje Taastrup Provsti | C28: 85576 | D28: 37529 | E28: 48047 | F28: 0.43854585 | G28: 95946 | H28: 10370 | J28: 63559.28 | K28: 635.5928 | L28: 9 | M28: 7 | N28: 9 | O28: 11 | P28: 18 | Q28: 18 | R28: 16 | S28: 4 | T28: 20 | U28: Tabel vedr. stifter og provstier slut torsdag | V28: provsti.dk-data fra tidligere app-datasæt
A29: Helsingør Stift | B29: Kongens Lyngby Provsti | C29: 58922 | D29: 36601 | E29: 22321 | F29: 0.62117715 | G29: 59593 | H29: 671 | J29: 63228.431 | K29: 632.28431 | L29: 6 | M29: 6 | N29: 6 | O29: 10 | P29: 18 | Q29: 18 | R29: 14 | S29: 7 | T29: 21 | U29: Tabel vedr. stifter og provstier slut torsdag | V29: provsti.dk-data fra tidligere app-datasæt
A30: Helsingør Stift | B30: Rudersdal Provsti | C30: 58077 | D30: 39123 | E30: 18954 | F30: 0.67364017 | G30: 56728 | H30: -1349 | J30: 66611.508 | K30: 666.11508 | L30: 8 | M30: 8 | N30: 8 | O30: 11 | P30: 20 | Q30: 20 | R30: 15 | S30: 5 | T30: 20 | U30: Tabel vedr. stifter og provstier slut torsdag | V30: provsti.dk-data fra tidligere app-datasæt
A31: Helsingør Stift | B31: Rødovre-Hvidovre Provsti | C31: 99291 | D31: 56326 | E31: 42965 | F31: 0.56728203 | G31: 104534 | H31: 5243 | J31: 80698.25 | K31: 806.9825 | L31: 8 | M31: 8 | N31: 8 | O31: 14 | P31: 25 | Q31: 25 | R31: 26 | S31: 1 | T31: 27 | U31: Tabel vedr. stifter og provstier slut torsdag | V31: provsti.dk-data fra tidligere app-datasæt
A32: Københavns Stift | B32: Amagerbro Provsti | C32: 170117 | D32: 82209 | E32: 87908 | F32: 0.48324976 | K32: 0 | L32: 12 | M32: 10 | N32: 12 | O32: 16 | P32: 33 | Q32: 33 | R32: 31 | S32: 5 | T32: 36 | U32: Tabel vedr. stifter og provstier slut torsdag | V32: provsti.dk-data fra tidligere app-datasæt
A33: Københavns Stift | B33: Amagerland Provsti | C33: 58698 | D33: 40442 | E33: 18256 | F33: 0.68898429 | G33: 58895 | H33: 197 | I33: 0.0033579355 | J33: 48688.61 | K33: 486.8861 | L33: 6 | M33: 6 | N33: 6 | O33: 9 | P33: 18 | Q33: 18 | R33: 15 | S33: 4 | T33: 19 | U33: Tabel vedr. stifter og provstier slut torsdag | V33: provsti.dk-data fra tidligere app-datasæt
A34: Københavns Stift | B34: Bispebjerg-Brønshøj Provsti | C34: 96440 | D34: 40597 | E34: 55843 | F34: 0.42095603 | K34: 0 | L34: 10 | M34: 9 | N34: 10 | O34: 14 | P34: 25 | Q34: 25 | R34: 21 | S34: 8 | T34: 29 | U34: Tabel vedr. stifter og provstier slut torsdag | V34: provsti.dk-data fra tidligere app-datasæt
A35: Københavns Stift | B35: Bornholms Provsti | C35: 38703 | D35: 29081 | E35: 9622 | F35: 0.75138878 | G35: 35560 | H35: -3143 | I35: -0.081007242 | J35: 49111.137 | K35: 491.11137 | L35: 18 | M35: 14 | N35: 22 | O35: 29 | P35: 18 | Q35: 18 | R35: 20 | S35: 1 | T35: 21 | U35: Tabel vedr. stifter og provstier slut torsdag | V35: provsti.dk-data fra tidligere app-datasæt
A36: Københavns Stift | B36: Frederiksberg Provsti | C36: 106433 | D36: 61301 | E36: 45132 | F36: 0.57595858 | G36: 102632 | H36: -3801 | I36: -0.035889301 | J36: 70094.214 | K36: 700.94214 | L36: 9 | M36: 9 | N36: 9 | O36: 18 | P36: 28 | Q36: 28 | R36: 28 | S36: 1 | T36: 29 | U36: Tabel vedr. stifter og provstier slut torsdag | V36: provsti.dk-data fra tidligere app-datasæt
A37: Københavns Stift | B37: Holmens og Østerbro Provsti | C37: 112850 | D37: 61354 | E37: 51496 | F37: 0.54367745 | K37: 0 | L37: 14 | M37: 13 | N37: 14 | O37: 20 | P37: 28 | Q37: 28 | R37: 26 | S37: 3 | T37: 29 | U37: Tabel vedr. stifter og provstier slut torsdag | V37: provsti.dk-data fra tidligere app-datasæt
A38: Københavns Stift | B38: Nørrebro Provsti | C38: 76456 | D38: 35310 | E38: 41146 | F38: 0.46183426 | G38: 105725 | H38: 29269 | I38: 0.043510772 | J38: 591550.65 | K38: 5915.5065 | L38: 6 | M38: 5 | N38: 6 | O38: 12 | P38: 19 | Q38: 19 | R38: 17 | S38: 1 | T38: 18 | U38: Tabel vedr. stifter og provstier slut torsdag | V38: provsti.dk-data fra tidligere app-datasæt
A39: Københavns Stift | B39: Valby-Vanløse Provsti | C39: 108748 | D39: 56847 | E39: 51901 | F39: 0.52274065 | K39: 0 | L39: 9 | M39: 9 | N39: 9 | O39: 12 | P39: 24 | Q39: 24 | R39: 23 | S39: 2 | T39: 25 | U39: Tabel vedr. stifter og provstier slut torsdag | V39: provsti.dk-data fra tidligere app-datasæt
A40: Københavns Stift | B40: Vor Frue-Vesterbro Provsti | C40: 108827 | D40: 51772 | E40: 57055 | F40: 0.47572753 | K40: 0 | L40: 7 | M40: 7 | N40: 7 | O40: 20 | P40: 32 | Q40: 32 | R40: 23 | S40: 7 | T40: 30 | U40: Tabel vedr. stifter og provstier slut torsdag | V40: provsti.dk-data fra tidligere app-datasæt
A41: Lolland-Falsters Stift | B41: Falster Provsti | C41: 41129 | D41: 31707 | E41: 9422 | F41: 0.7709159 | K41: 0 | L41: 18 | M41: 14 | N41: 25 | O41: 38 | P41: 22 | Q41: 22 | R41: 20 | S41: 2 | T41: 22 | U41: Tabel vedr. stifter og provstier slut torsdag | V41: provsti.dk-data fra tidligere app-datasæt
A42: Lolland-Falsters Stift | B42: Lolland Vestre Provsti | C42: 21083 | D42: 16207 | E42: 4876 | F42: 0.76872362 | G42: 17216 | H42: -3867 | J42: 68777.658 | K42: 687.77658 | L42: 15 | M42: 7 | N42: 24 | O42: 32 | P42: 13 | Q42: 13 | R42: 13 | S42: 1 | T42: 14 | U42: Tabel vedr. stifter og provstier slut torsdag | V42: provsti.dk-data fra tidligere app-datasæt
A43: Lolland-Falsters Stift | B43: Lolland Østre Provsti | C43: 17875 | D43: 14300 | E43: 3575 | F43: 0.8 | G43: 14436 | H43: -3439 | J43: 98745.02 | K43: 987.4502 | L43: 10 | M43: 7 | N43: 13 | O43: 23 | P43: 10 | Q43: 10 | R43: 11 | S43: 0 | T43: 11 | U43: Tabel vedr. stifter og provstier slut torsdag | V43: provsti.dk-data fra tidligere app-datasæt
A44: Lolland-Falsters Stift | B44: Maribo Domprovsti | C44: 17333 | D44: 12889 | E44: 4444 | F44: 0.74361045 | K44: 0 | L44: 15 | M44: 9 | N44: 16 | O44: 23 | P44: 10 | Q44: 10 | R44: 16 | S44: 0 | T44: 16 | U44: Tabel vedr. stifter og provstier slut torsdag | V44: provsti.dk-data fra tidligere app-datasæt
A45: Ribe Stift | B45: Grene Provsti | C45: 45051 | D45: 34329 | E45: 10722 | F45: 0.76200306 | G45: 45290 | H45: 239 | J45: 35485.326 | K45: 354.85326 | L45: 15 | M45: 13 | N45: 25 | O45: 29 | P45: 18 | Q45: 18 | R45: 20 | S45: 2 | T45: 22 | U45: Tabel vedr. stifter og provstier slut torsdag | V45: provsti.dk-data fra tidligere app-datasæt
A46: Ribe Stift | B46: Malt Provsti | C46: 42610 | D46: 33412 | E46: 9198 | F46: 0.78413518 | G46: 41285 | H46: -1325 | J46: 69097.065 | K46: 690.97065 | L46: 23 | M46: 12 | N46: 24 | O46: 30 | P46: 16 | Q46: 16 | R46: 17 | S46: 3 | T46: 20 | U46: Tabel vedr. stifter og provstier slut torsdag | V46: provsti.dk-data fra tidligere app-datasæt
A47: Ribe Stift | B47: Ribe Domprovsti | C47: 31317 | D47: 26588 | E47: 4729 | F47: 0.84899575 | G47: 27563 | H47: -3754 | J47: 138718.32 | K47: 1387.1832 | L47: 16 | M47: 10 | N47: 20 | O47: 24 | P47: 15 | Q47: 15 | R47: 21 | S47: 2 | T47: 23 | U47: Tabel vedr. stifter og provstier slut torsdag | V47: provsti.dk-data fra tidligere app-datasæt
A48: Ribe Stift | B48: Ringkøbing Provsti | C48: 27814 | D48: 22253 | E48: 5561 | F48: 0.80006472 | K48: 0 | L48: 18 | M48: 13 | N48: 26 | O48: 29 | P48: 16 | Q48: 16 | R48: 14 | S48: 3 | T48: 17 | U48: Tabel vedr. stifter og provstier slut torsdag | V48: provsti.dk-data fra tidligere app-datasæt
A49: Ribe Stift | B49: Skads Provsti | C49: 87238 | D49: 67227 | E49: 20011 | F49: 0.77061602 | G49: 86740 | H49: -498 | J49: 6306.1805 | K49: 63.061805 | L49: 17 | M49: 15 | N49: 18 | O49: 23 | P49: 32 | Q49: 32 | R49: 29 | S49: 9 | T49: 38 | U49: Tabel vedr. stifter og provstier slut torsdag | V49: provsti.dk-data fra tidligere app-datasæt
A50: Ribe Stift | B50: Skjern Provsti | C50: 33494 | D50: 26731 | E50: 6763 | F50: 0.79808324 | G50: 30085 | H50: -3409 | J50: 90210.045 | K50: 902.10045 | L50: 22 | M50: 13 | N50: 28 | O50: 32 | P50: 15 | Q50: 15 | R50: 25 | S50: 3 | T50: 28 | U50: Tabel vedr. stifter og provstier slut torsdag | V50: provsti.dk-data fra tidligere app-datasæt
A51: Ribe Stift | B51: Tønder Provsti | C51: 36209 | D51: 27884 | E51: 8325 | F51: 0.77008479 | G51: 33738 | H51: -2471 | J51: 61866.47 | K51: 618.6647 | L51: 26 | M51: 14 | N51: 30 | O51: 32 | P51: 18 | Q51: 18 | R51: 22 | S51: 0 | T51: 22 | U51: Tabel vedr. stifter og provstier slut torsdag | V51: provsti.dk-data fra tidligere app-datasæt
A52: Ribe Stift | B52: Varde Provsti | C52: 49123 | D52: 40165 | E52: 8958 | F52: 0.81764143 | G52: 47146 | H52: -1977 | J52: 71551.382 | K52: 715.51382 | L52: 25 | M52: 15 | N52: 28 | O52: 34 | P52: 21 | Q52: 21 | R52: 23 | S52: 2 | T52: 25 | U52: Tabel vedr. stifter og provstier slut torsdag | V52: provsti.dk-data fra tidligere app-datasæt
A53: Roskilde Stift | B53: Greve-Solrød Provsti | C53: 79287 | D53: 53995 | E53: 25292 | F53: 0.68100697 | G53: 84722 | H53: 5435 | J53: 92943.022 | K53: 929.43022 | L53: 10 | M53: 9 | N53: 11 | O53: 17 | P53: 25 | Q53: 25 | R53: 22 | S53: 11 | T53: 33 | U53: Tabel vedr. stifter og provstier slut torsdag | V53: provsti.dk-data fra tidligere app-datasæt
A54: Roskilde Stift | B54: Holbæk Provsti | C54: 75129 | D54: 55936 | E54: 19193 | F54: 0.74453274 | G54: 78134 | H54: 3005 | J54: 104452.73 | K54: 1044.5273 | L54: 21 | M54: 18 | N54: 24 | O54: 37 | P54: 31 | Q54: 31 | R54: 27 | S54: 11 | T54: 38 | U54: Tabel vedr. stifter og provstier slut torsdag | V54: provsti.dk-data fra tidligere app-datasæt
A55: Roskilde Stift | B55: Kalundborg Provsti | C55: 47842 | D55: 37125 | E55: 10717 | F55: 0.77599181 | G55: 45336 | H55: -2506 | J55: 75082.738 | K55: 750.82738 | L55: 22 | M55: 14 | N55: 29 | O55: 39 | P55: 21 | Q55: 21 | R55: 25 | S55: 4 | T55: 29 | U55: Tabel vedr. stifter og provstier slut torsdag | V55: provsti.dk-data fra tidligere app-datasæt
A56: Roskilde Stift | B56: Køge Provsti | C56: 64048 | D56: 45332 | E56: 18716 | F56: 0.70778166 | G56: 66035 | H56: 1987 | J56: 79246.176 | K56: 792.46176 | L56: 12 | M56: 8 | N56: 15 | O56: 19 | P56: 21 | Q56: 21 | R56: 17 | S56: 11 | T56: 28 | U56: Tabel vedr. stifter og provstier slut torsdag | V56: provsti.dk-data fra tidligere app-datasæt
A57: Roskilde Stift | B57: Lejre Provsti | C57: 29938 | D57: 21267 | E57: 8671 | F57: 0.71036809 | G57: 31793 | H57: 1855 | J57: 46805.563 | K57: 468.05563 | L57: 11 | M57: 8 | N57: 17 | O57: 18 | P57: 11 | Q57: 11 | R57: 9 | S57: 4 | T57: 13 | U57: Tabel vedr. stifter og provstier slut torsdag | V57: provsti.dk-data fra tidligere app-datasæt
A58: Roskilde Stift | B58: Næstved Provsti | C58: 85178 | D58: 65962 | E58: 19216 | F58: 0.77440184 | G58: 86146 | H58: 968 | J58: 120829.65 | K58: 1208.2965 | L58: 24 | M58: 19 | N58: 38 | O58: 47 | P58: 31 | Q58: 31 | R58: 38 | S58: 6 | T58: 44 | U58: Tabel vedr. stifter og provstier slut torsdag | V58: provsti.dk-data fra tidligere app-datasæt
A59: Roskilde Stift | B59: Odsherred Provsti | C59: 31934 | D59: 25048 | E59: 6886 | F59: 0.78436776 | G59: 29452 | H59: -2482 | J59: 46244.928 | K59: 462.44928 | L59: 12 | M59: 9 | N59: 13 | O59: 19 | P59: 12 | Q59: 12 | R59: 13 | S59: 3 | T59: 16 | U59: Tabel vedr. stifter og provstier slut torsdag | V59: provsti.dk-data fra tidligere app-datasæt
A60: Roskilde Stift | B60: Ringsted-Sorø Provsti | C60: 66955 | D60: 48894 | E60: 18061 | F60: 0.73025166 | G60: 69005 | H60: 2050 | J60: 91108.833 | K60: 911.08833 | L60: 24 | M60: 15 | N60: 31 | O60: 39 | P60: 27 | Q60: 27 | R60: 32 | S60: 9 | T60: 41 | U60: Tabel vedr. stifter og provstier slut torsdag | V60: provsti.dk-data fra tidligere app-datasæt
... A65: Viborg Stift | B65: Herning Nordre Provsti | C65: 37816 | D65: 31342 | E65: 6474 | F65: 0.82880262 | G65: 36173 | H65: -1643 | J65: 128757.94 | K65: 1287.5794 | L65: 19 | M65: 8 | N65: 19 | O65: 25 | P65: 18 | Q65: 18 | R65: 13 | S65: 3 | T65: 16 | U65: Tabel vedr. stifter og provstier slut torsdag | V65: provsti.dk-data fra tidligere app-datasæt
A66: Viborg Stift | B66: Herning Søndre Provsti | C66: 53039 | D66: 39806 | E66: 13233 | F66: 0.75050435 | K66: 0 | L66: 15 | M66: 11 | N66: 16 | O66: 21 | P66: 20 | Q66: 20 | R66: 19 | S66: 2 | T66: 21 | U66: Tabel vedr. stifter og provstier slut torsdag | V66: provsti.dk-data fra tidligere app-datasæt
A67: Viborg Stift | B67: Holstebro Provsti | C67: 53383 | D67: 43624 | E67: 9759 | F67: 0.81718899 | G67: 51942 | H67: -1441 | J67: 94725.524 | K67: 947.25524 | L67: 18 | M67: 12 | N67: 21 | O67: 26 | P67: 22 | Q67: 22 | R67: 18 | S67: 3 | T67: 21 | U67: Tabel vedr. stifter og provstier slut torsdag | V67: provsti.dk-data fra tidligere app-datasæt
A68: Viborg Stift | B68: Ikast-Brande Provsti | C68: 56523 | D68: 43747 | E68: 12776 | F68: 0.77396812 | G68: 57915 | H68: 1392 | J68: 56768.681 | K68: 567.68681 | L68: 21 | M68: 14 | N68: 24 | O68: 28 | P68: 21 | Q68: 21 | R68: 22 | S68: 4 | T68: 26 | U68: Tabel vedr. stifter og provstier slut torsdag | V68: provsti.dk-data fra tidligere app-datasæt
A69: Viborg Stift | B69: Lemvig Provsti | C69: 18526 | D69: 15498 | E69: 3028 | F69: 0.83655403 | G69: 16349 | H69: -2177 | J69: 40154.233 | K69: 401.54233 | L69: 13 | M69: 7 | N69: 22 | O69: 31 | P69: 12 | Q69: 12 | R69: 11 | S69: 1 | T69: 12 | U69: Tabel vedr. stifter og provstier slut torsdag | V69: provsti.dk-data fra tidligere app-datasæt
A70: Viborg Stift | B70: Salling Provsti | C70: 16942 | D70: 14255 | E70: 2687 | F70: 0.84140007 | G70: 12856 | H70: -4086 | J70: 76925.321 | K70: 769.25321 | L70: 13 | M70: 5 | N70: 25 | O70: 33 | P70: 9 | Q70: 9 | R70: 14 | S70: 0 | T70: 14 | U70: Tabel vedr. stifter og provstier slut torsdag | V70: provsti.dk-data fra tidligere app-datasæt
A71: Viborg Stift | B71: Skive Provsti | C71: 27344 | D71: 22758 | E71: 4586 | F71: 0.83228496 | K71: 0 | L71: 11 | M71: 7 | N71: 13 | O71: 16 | P71: 10 | Q71: 10 | R71: 12 | S71: 2 | T71: 14 | U71: Tabel vedr. stifter og provstier slut torsdag | V71: provsti.dk-data fra tidligere app-datasæt
A72: Viborg Stift | B72: Struer Provsti | C72: 20152 | D72: 16291 | E72: 3861 | F72: 0.80840611 | G72: 18026 | H72: -2126 | J72: 37453.967 | K72: 374.53967 | L72: 8 | M72: 6 | N72: 13 | O72: 18 | P72: 10 | Q72: 10 | R72: 13 | S72: 0 | T72: 13 | U72: Tabel vedr. stifter og provstier slut torsdag | V72: provsti.dk-data fra tidligere app-datasæt
A73: Viborg Stift | B73: Vesthimmerlands Provsti | C73: 35607 | D73: 29509 | E73: 6098 | F73: 0.82874154 | G73: 33167 | H73: -2440 | J73: 65997.55 | K73: 659.9755 | L73: 25 | M73: 15 | N73: 38 | O73: 39 | P73: 15 | Q73: 15 | R73: 24 | S73: 1 | T73: 25 | U73: Tabel vedr. stifter og provstier slut torsdag | V73: provsti.dk-data fra tidligere app-datasæt
A74: Viborg Stift | B74: Viborg Domprovsti | C74: 62380 | D74: 49604 | E74: 12776 | F74: 0.79519077 | G74: 60528 | H74: -1852 | J74: 135013.98 | K74: 1350.1398 | L74: 24 | M74: 13 | N74: 31 | O74: 37 | P74: 27 | Q74: 27 | R74: 25 | S74: 6 | T74: 31 | U74: Tabel vedr. stifter og provstier slut torsdag | V74: provsti.dk-data fra tidligere app-datasæt
A75: Viborg Stift | B75: Viborg Østre Provsti | C75: 36357 | D75: 30280 | E75: 6077 | F75: 0.832852 | K75: 0 | L75: 25 | M75: 16 | N75: 37 | O75: 39 | P75: 19 | Q75: 19 | R75: 17 | S75: 4 | T75: 21 | U75: Tabel vedr. stifter og provstier slut torsdag | V75: provsti.dk-data fra tidligere app-datasæt
A76: Aalborg Stift | B76: Brønderslev Provsti | C76: 36633 | D76: 30636 | E76: 5997 | F76: 0.83629514 | G76: 36796 | H76: 163 | J76: 57727.306 | K76: 577.27306 | L76: 11 | M76: 9 | N76: 20 | O76: 22 | P76: 13 | Q76: 13 | R76: 14 | S76: 2 | T76: 16 | U76: Tabel vedr. stifter og provstier slut torsdag | V76: provsti.dk-data fra tidligere app-datasæt
A77: Aalborg Stift | B77: Frederikshavn Provsti | C77: 57443 | D77: 46651 | E77: 10792 | F77: 0.8121268 | G77: 53096 | H77: -4347 | J77: 89509.755 | K77: 895.09755 | L77: 13 | M77: 13 | N77: 22 | O77: 32 | P77: 21 | Q77: 21 | R77: 25 | S77: 1 | T77: 26 | U77: Tabel vedr. stifter og provstier slut torsdag | V77: provsti.dk-data fra tidligere app-datasæt
A78: Aalborg Stift | B78: Hadsund Provsti | C78: 17701 | D78: 14937 | E78: 2764 | F78: 0.84385063 | K78: 0 | L78: 11 | M78: 7 | N78: 12 | O78: 14 | P78: 11 | Q78: 11 | R78: 8 | S78: 4 | T78: 12 | U78: Tabel vedr. stifter og provstier slut torsdag | V78: provsti.dk-data fra tidligere app-datasæt
A79: Aalborg Stift | B79: Hjørring Nordre Provsti | C79: 23033 | D79: 19297 | E79: 3736 | F79: 0.83779794 | G79: 18800 | H79: -4233 | J79: 117898.85 | K79: 1178.9885 | L79: 13 | M79: 9 | N79: 21 | O79: 23 | P79: 14 | Q79: 14 | R79: 16 | S79: 1 | T79: 17 | U79: Tabel vedr. stifter og provstier slut torsdag | V79: provsti.dk-data fra tidligere app-datasæt
A80: Aalborg Stift | B80: Hjørring Søndre Provsti | C80: 41575 | D80: 34323 | E80: 7252 | F80: 0.82556825 | K80: 0 | L80: 15 | M80: 9 | N80: 22 | O80: 30 | P80: 15 | Q80: 15 | R80: 17 | S80: 2 | T80: 19 | U80: Tabel vedr. stifter og provstier slut torsdag | V80: provsti.dk-data fra tidligere app-datasæt
A81: Aalborg Stift | B81: Jammerbugt Provsti | C81: 37933 | D81: 31781 | E81: 6152 | F81: 0.83781931 | G81: 36000 | H81: -1933 | J81: 68522.963 | K81: 685.22963 | L81: 16 | M81: 14 | N81: 28 | O81: 33 | P81: 13 | Q81: 13 | R81: 24 | S81: 1 | T81: 25 | U81: Tabel vedr. stifter og provstier slut torsdag | V81: provsti.dk-data fra tidligere app-datasæt
A82: Aalborg Stift | B82: Morsø Provsti | C82: 19329 | D82: 15681 | E82: 3648 | F82: 0.81126804 | G82: 17532 | H82: -1797 | J82: 34931.462 | K82: 349.31462 | L82: 16 | M82: 8 | N82: 32 | O82: 34 | P82: 7 | Q82: 7 | R82: 15 | S82: 0 | T82: 15 | U82: Tabel vedr. stifter og provstier slut torsdag | V82: provsti.dk-data fra tidligere app-datasæt
A83: Aalborg Stift | B83: Rebild Provsti | C83: 31276 | D83: 25824 | E83: 5452 | F83: 0.82568103 | G83: 30911 | H83: -365 | J83: 59928.178 | K83: 599.28178 | L83: 16 | M83: 9 | N83: 29 | O83: 30 | P83: 13 | Q83: 13 | R83: 20 | S83: 2 | T83: 22 | U83: Tabel vedr. stifter og provstier slut torsdag | V83: provsti.dk-data fra tidligere app-datasæt
A84: Aalborg Stift | B84: Sydthy Provsti | C84: 12499 | D84: 10580 | E84: 1919 | F84: 0.84646772 | K84: 0 | L84: 14 | M84: 8 | N84: 23 | O84: 26 | P84: 7 | Q84: 7 | R84: 12 | S84: 0 | T84: 12 | U84: Tabel vedr. stifter og provstier slut torsdag | V84: provsti.dk-data fra tidligere app-datasæt
A85: Aalborg Stift | B85: Thisted Provsti | C85: 30045 | D85: 23769 | E85: 6276 | F85: 0.79111333 | G85: 27748 | H85: -2297 | J85: 80838.764 | K85: 808.38764 | L85: 19 | M85: 10 | N85: 30 | O85: 35 | P85: 12 | Q85: 12 | R85: 18 | S85: 0 | T85: 18 | U85: Tabel vedr. stifter og provstier slut torsdag | V85: provsti.dk-data fra tidligere app-datasæt
A86: Aalborg Stift | B86: Aalborg Budolfi Provsti | C86: 84613 | D86: 61503 | E86: 23110 | F86: 0.72687412 | G86: 95031 | H86: 10418 | J86: 306527.34 | K86: 3065.2734 | L86: 10 | M86: 10 | N86: 10 | O86: 15 | P86: 30 | Q86: 30 | R86: 23 | S86: 8 | T86: 31 | U86: Tabel vedr. stifter og provstier slut torsdag | V86: provsti.dk-data fra tidligere app-datasæt
A87: Aalborg Stift | B87: Aalborg Nordre Provsti | C87: 54417 | D87: 42762 | E87: 11655 | F87: 0.78582061 | K87: 0 | L87: 13 | M87: 12 | N87: 14 | O87: 24 | P87: 20 | Q87: 20 | R87: 23 | S87: 4 | T87: 27 | U87: Tabel vedr. stifter og provstier slut torsdag | V87: provsti.dk-data fra tidligere app-datasæt
A88: Aalborg Stift | B88: Aalborg Vestre Provsti | C88: 27243 | D88: 22875 | E88: 4368 | F88: 0.83966524 | K88: 0 | L88: 10 | M88: 8 | N88: 17 | O88: 18 | P88: 12 | Q88: 12 | R88: 11 | S88: 6 | T88: 17 | U88: Tabel vedr. stifter og provstier slut torsdag | V88: provsti.dk-data fra tidligere app-datasæt
A89: Aalborg Stift | B89: Aalborg Østre Provsti | C89: 60006 | D89: 44981 | E89: 15025 | F89: 0.74960837 | K89: 0 | L89: 12 | M89: 9 | N89: 16 | O89: 21 | P89: 20 | Q89: 20 | R89: 24 | S89: 2 | T89: 26 | U89: Tabel vedr. stifter og provstier slut torsdag | V89: provsti.dk-data fra tidligere app-datasæt
A90: Aarhus Stift | B90: Favrskov Provsti | C90: 49800 | D90: 39604 | E90: 10196 | F90: 0.79526104 | G90: 52633 | H90: 2833 | J90: 72248.697 | K90: 722.48697 | L90: 15 | M90: 9 | N90: 34 | O90: 41 | P90: 22 | Q90: 22 | R90: 17 | S90: 6 | T90: 23 | U90: Tabel vedr. stifter og provstier slut torsdag | V90: provsti.dk-data fra tidligere app-datasæt
A91: Aarhus Stift | B91: Hobro-Mariager Provsti | C91: 23811 | D91: 18819 | E91: 4992 | F91: 0.790349 | G91: 23017 | H91: -794 | J91: 73630.048 | K91: 736.30048 | L91: 12 | M91: 7 | N91: 17 | O91: 21 | P91: 12 | Q91: 12 | R91: 10 | S91: 2 | T91: 12 | U91: Tabel vedr. stifter og provstier slut torsdag | V91: provsti.dk-data fra tidligere app-datasæt
A92: Aarhus Stift | B92: Horsens Provsti | C92: 99087 | D92: 72401 | E92: 26686 | F92: 0.73068112 | G92: 114396 | H92: 15309 | J92: 102345.2 | K92: 1023.452 | L92: 21 | M92: 12 | N92: 30 | O92: 37 | P92: 35 | Q92: 35 | R92: 30 | S92: 11 | T92: 41 | U92: Tabel vedr. stifter og provstier slut torsdag | V92: provsti.dk-data fra tidligere app-datasæt
A93: Aarhus Stift | B93: Norddjurs Provsti | C93: 36496 | D93: 29598 | E93: 6898 | F93: 0.81099299 | G93: 35913 | H93: -583 | J93: 52832.802 | K93: 528.32802 | L93: 21 | M93: 4 | N93: 35 | O93: 43 | P93: 17 | Q93: 17 | R93: 17 | S93: 3 | T93: 20 | U93: Tabel vedr. stifter og provstier slut torsdag | V93: provsti.dk-data fra tidligere app-datasæt
A94: Aarhus Stift | B94: Odder Provsti | C94: 24370 | D94: 19073 | E94: 5297 | F94: 0.78264259 | G94: 27182 | H94: 2812 | J94: 33643.813 | K94: 336.43813 | L94: 4 | M94: 3 | N94: 14 | O94: 17 | P94: 9 | Q94: 9 | R94: 9 | S94: 1 | T94: 10 | U94: Tabel vedr. stifter og provstier slut torsdag | V94: provsti.dk-data fra tidligere app-datasæt
A95: Aarhus Stift | B95: Randers Nordre Provsti | C95: 44165 | D95: 34002 | E95: 10163 | F95: 0.76988566 | K95: 0 | L95: 15 | M95: 9 | N95: 30 | O95: 38 | P95: 19 | Q95: 19 | R95: 19 | S95: 1 | T95: 20 | U95: Tabel vedr. stifter og provstier slut torsdag | V95: provsti.dk-data fra tidligere app-datasæt
A96: Aarhus Stift | B96: Randers Søndre Provsti | C96: 56503 | D96: 45450 | E96: 11053 | F96: 0.80438207 | G96: 63846 | H96: 7343 | J96: 125551.33 | K96: 1255.5133 | L96: 17 | M96: 11 | N96: 24 | O96: 26 | P96: 21 | Q96: 21 | R96: 18 | S96: 6 | T96: 24 | U96: Tabel vedr. stifter og provstier slut torsdag | V96: provsti.dk-data fra tidligere app-datasæt
A97: Aarhus Stift | B97: Silkeborg Provsti | C97: 88676 | D97: 68967 | E97: 19709 | F97: 0.77774144 | G97: 105537 | H97: 16861 | J97: 141813.07 | K97: 1418.1307 | L97: 19 | M97: 14 | N97: 24 | O97: 30 | P97: 30 | Q97: 30 | R97: 26 | S97: 7 | T97: 33 | U97: Tabel vedr. stifter og provstier slut torsdag | V97: provsti.dk-data fra tidligere app-datasæt
A98: Aarhus Stift | B98: Skanderborg Provsti | C98: 66243 | D98: 52414 | E98: 13829 | F98: 0.79123832 | G98: 71696 | H98: 5453 | J98: 86652.098 | K98: 866.52098 | L98: 17 | M98: 15 | N98: 25 | O98: 31 | P98: 27 | Q98: 27 | R98: 20 | S98: 8 | T98: 28 | U98: Tabel vedr. stifter og provstier slut torsdag | V98: provsti.dk-data fra tidligere app-datasæt
A99: Aarhus Stift | B99: Syddjurs Provsti | C99: 44518 | D99: 34869 | E99: 9649 | F99: 0.78325621 | G99: 46882 | H99: 2364 | J99: 63484.508 | K99: 634.84508 | L99: 14 | M99: 12 | N99: 30 | O99: 38 | P99: 20 | Q99: 20 | R99: 17 | S99: 5 | T99: 22 | U99: Tabel vedr. stifter og provstier slut torsdag | V99: provsti.dk-data fra tidligere app-datasæt
A100: Aarhus Stift | B100: Aarhus Domprovsti | C100: 112583 | D100: 82342 | E100: 30241 | F100: 0.73138929 | G100: 153930 | H100: 41347 | J100: 361945.43 | K100: 3619.4543 | L100: 9 | M100: 9 | N100: 9 | O100: 21 | P100: 39 | Q100: 39 | R100: 26 | S100: 17 | T100: 43 | U100: Tabel vedr. stifter og provstier slut torsdag | V100: provsti.dk-data fra tidligere app-datasæt
A101: Aarhus Stift | B101: Aarhus Nordre Provsti | C101: 89211 | D101: 64096 | E101: 25115 | F101: 0.71847642 | K101: 0 | L101: 16 | M101: 13 | N101: 17 | O101: 21 | P101: 34 | Q101: 34 | R101: 25 | S101: 16 | T101: 41 | U101: Tabel vedr. stifter og provstier slut torsdag | V101: provsti.dk-data fra tidligere app-datasæt
A102: Aarhus Stift | B102: Aarhus Søndre Provsti | C102: 92819 | D102: 63969 | E102: 28850 | F102: 0.68918002 | K102: 0 | L102: 14 | M102: 14 | N102: 16 | O102: 20 | P102: 27 | Q102: 27 | R102: 22 | S102: 8 | T102: 30 | U102: Tabel vedr. stifter og provstier slut torsdag | V102: provsti.dk-data fra tidligere app-datasæt
A103: Aarhus Stift | B103: Aarhus Vestre Provsti | C103: 87568 | D103: 46298 | E103: 41270 | F103: 0.52870912 | K103: 0 | L103: 13 | M103: 10 | N103: 16 | O103: 21 | P103: 28 | Q103: 28 | R103: 24 | S103: 7 | T103: 31 | U103: Tabel vedr. stifter og provstier slut torsdag | V103: provsti.dk-data fra tidligere app-datasæt

Sheet Stiftssummer
A1: Stift | B1: Provstier | C1: Indbyggertal | D1: Folkekirkemedlemmer | E1: Ikke-medlemmer | F1: Medlemsprocent | G1: Befolkning 2040 | H1: Befolkningsændring | I1: Lokal ligning t.kr. | J1: Maks. stiftsbidrag 1 % (t.kr.) | K1: Menighedsråd | L1: Pastorater | M1: Sogne | N1: Kirker | O1: Præster inkl. LOFI | P1: Sognepræster | Q1: Overenskomstansatte sognepræster | R1: Præster i alt
A2: Fyens Stift | B2: =COUNTIF(Provstidata!$A:$A,$A2) | C2: =SUMIF(Provstidata!$A:$A,$A2,Provstidata!$C:$C) | D2: =SUMIF(Provstidata!$A:$A,$A2,Provstidata!$D:$D) | E2: =SUMIF(Provstidata!$A:$A,$A2,Provstidata!$E:$E) | F2: =IF(C2=0,"",D2/C2) | G2: =SUMIF(Provstidata!$A:$A,$A2,Provstidata!$G:$G) | H2: =SUMIF(Provstidata!$A:$A,$A2,Provstidata!$H:$H) | I2: =SUMIF(Provstidata!$A:$A,$A2,Provstidata!$J:$J) | J2: =SUMIF(Provstidata!$A:$A,$A2,Provstidata!$K:$K) | K2: =SUMIF(Provstidata!$A:$A,$A2,Provstidata!$L:$L) | L2: =SUMIF(Provstidata!$A:$A,$A2,Provstidata!$M:$M) | M2: =SUMIF(Provstidata!$A:$A,$A2,Provstidata!$N:$N) | N2: =SUMIF(Provstidata!$A:$A,$A2,Provstidata!$O:$O) | O2: =SUMIF(Provstidata!$A:$A,$A2,Provstidata!$P:$P) | P2: =SUMIF(Provstidata!$A:$A,$A2,Provstidata!$R:$R) | Q2: =SUMIF(Provstidata!$A:$A,$A2,Provstidata!$S:$S) | R2: =SUMIF(Provstidata!$A:$A,$A2,Provstidata!$T:$T)
A3: Haderslev Stift | B3: =COUNTIF(Provstidata!$A:$A,$A3) | C3: =SUMIF(Provstidata!$A:$A,$A3,Provstidata!$C:$C) | D3: =SUMIF(Provstidata!$A:$A,$A3,Provstidata!$D:$D) | E3: =SUMIF(Provstidata!$A:$A,$A3,Provstidata!$E:$E) | F3: =IF(C3=0,"",D3/C3) | G3: =SUMIF(Provstidata!$A:$A,$A3,Provstidata!$G:$G) | H3: =SUMIF(Provstidata!$A:$A,$A3,Provstidata!$H:$H) | I3: =SUMIF(Provstidata!$A:$A,$A3,Provstidata!$J:$J) | J3: =SUMIF(Provstidata!$A:$A,$A3,Provstidata!$K:$K) | K3: =SUMIF(Provstidata!$A:$A,$A3,Provstidata!$L:$L) | L3: =SUMIF(Provstidata!$A:$A,$A3,Provstidata!$M:$M) | M3: =SUMIF(Provstidata!$A:$A,$A3,Provstidata!$N:$N) | N3: =SUMIF(Provstidata!$A:$A,$A3,Provstidata!$O:$O) | O3: =SUMIF(Provstidata!$A:$A,$A3,Provstidata!$P:$P) | P3: =SUMIF(Provstidata!$A:$A,$A3,Provstidata!$R:$R) | Q3: =SUMIF(Provstidata!$A:$A,$A3,Provstidata!$S:$S) | R3: =SUMIF(Provstidata!$A:$A,$A3,Provstidata!$T:$T)
A4: Helsingør Stift | B4: =COUNTIF(Provstidata!$A:$A,$A4) | C4: =SUMIF(Provstidata!$A:$A,$A4,Provstidata!$C:$C) | D4: =SUMIF(Provstidata!$A:$A,$A4,Provstidata!$D:$D) | E4: =SUMIF(Provstidata!$A:$A,$A4,Provstidata!$E:$E) | F4: =IF(C4=0,"",D4/C4) | G4: =SUMIF(Provstidata!$A:$A,$A4,Provstidata!$G:$G) | H4: =SUMIF(Provstidata!$A:$A,$A4,Provstidata!$H:$H) | I4: =SUMIF(Provstidata!$A:$A,$A4,Provstidata!$J:$J) | J4: =SUMIF(Provstidata!$A:$A,$A4,Provstidata!$K:$K) | K4: =SUMIF(Provstidata!$A:$A,$A4,Provstidata!$L:$L) | L4: =SUMIF(Provstidata!$A:$A,$A4,Provstidata!$M:$M) | M4: =SUMIF(Provstidata!$A:$A,$A4,Provstidata!$N:$N) | N4: =SUMIF(Provstidata!$A:$A,$A4,Provstidata!$O:$O) | O4: =SUMIF(Provstidata!$A:$A,$A4,Provstidata!$P:$P) | P4: =SUMIF(Provstidata!$A:$A,$A4,Provstidata!$R:$R) | Q4: =SUMIF(Provstidata!$A:$A,$A4,Provstidata!$S:$S) | R4: =SUMIF(Provstidata!$A:$A,$A4,Provstidata!$T:$T)
A5: Københavns Stift | B5: =COUNTIF(Provstidata!$A:$A,$A5) | C5: =SUMIF(Provstidata!$A:$A,$A5,Provstidata!$C:$C) | D5: =SUMIF(Provstidata!$A:$A,$A5,Provstidata!$D:$D) | E5: =SUMIF(Provstidata!$A:$A,$A5,Provstidata!$E:$E) | F5: =IF(C5=0,"",D5/C5) | G5: =SUMIF(Provstidata!$A:$A,$A5,Provstidata!$G:$G) | H5: =SUMIF(Provstidata!$A:$A,$A5,Provstidata!$H:$H) | I5: =SUMIF(Provstidata!$A:$A,$A5,Provstidata!$J:$J) | J5: =SUMIF(Provstidata!$A:$A,$A5,Provstidata!$K:$K) | K5: =SUMIF(Provstidata!$A:$A,$A5,Provstidata!$L:$L) | L5: =SUMIF(Provstidata!$A:$A,$A5,Provstidata!$M:$M) | M5: =SUMIF(Provstidata!$A:$A,$A5,Provstidata!$N:$N) | N5: =SUMIF(Provstidata!$A:$A,$A5,Provstidata!$O:$O) | O5: =SUMIF(Provstidata!$A:$A,$A5,Provstidata!$P:$P) | P5: =SUMIF(Provstidata!$A:$A,$A5,Provstidata!$R:$R) | Q5: =SUMIF(Provstidata!$A:$A,$A5,Provstidata!$S:$S) | R5: =SUMIF(Provstidata!$A:$A,$A5,Provstidata!$T:$T)
A6: Lolland-Falsters Stift | B6: =COUNTIF(Provstidata!$A:$A,$A6) | C6: =SUMIF(Provstidata!$A:$A,$A6,Provstidata!$C:$C) | D6: =SUMIF(Provstidata!$A:$A,$A6,Provstidata!$D:$D) | E6: =SUMIF(Provstidata!$A:$A,$A6,Provstidata!$E:$E) | F6: =IF(C6=0,"",D6/C6) | G6: =SUMIF(Provstidata!$A:$A,$A6,Provstidata!$G:$G) | H6: =SUMIF(Provstidata!$A:$A,$A6,Provstidata!$H:$H) | I6: =SUMIF(Provstidata!$A:$A,$A6,Provstidata!$J:$J) | J6: =SUMIF(Provstidata!$A:$A,$A6,Provstidata!$K:$K) | K6: =SUMIF(Provstidata!$A:$A,$A6,Provstidata!$L:$L) | L6: =SUMIF(Provstidata!$A:$A,$A6,Provstidata!$M:$M) | M6: =SUMIF(Provstidata!$A:$A,$A6,Provstidata!$N:$N) | N6: =SUMIF(Provstidata!$A:$A,$A6,Provstidata!$O:$O) | O6: =SUMIF(Provstidata!$A:$A,$A6,Provstidata!$P:$P) | P6: =SUMIF(Provstidata!$A:$A,$A6,Provstidata!$R:$R) | Q6: =SUMIF(Provstidata!$A:$A,$A6,Provstidata!$S:$S) | R6: =SUMIF(Provstidata!$A:$A,$A6,Provstidata!$T:$T)
A7: Ribe Stift | B7: =COUNTIF(Provstidata!$A:$A,$A7) | C7: =SUMIF(Provstidata!$A:$A,$A7,Provstidata!$C:$C) | D7: =SUMIF(Provstidata!$A:$A,$A7,Provstidata!$D:$D) | E7: =SUMIF(Provstidata!$A:$A,$A7,Provstidata!$E:$E) | F7: =IF(C7=0,"",D7/C7) | G7: =SUMIF(Provstidata!$A:$A,$A7,Provstidata!$G:$G) | H7: =SUMIF(Provstidata!$A:$A,$A7,Provstidata!$H:$H) | I7: =SUMIF(Provstidata!$A:$A,$A7,Provstidata!$J:$J) | J7: =SUMIF(Provstidata!$A:$A,$A7,Provstidata!$K:$K) | K7: =SUMIF(Provstidata!$A:$A,$A7,Provstidata!$L:$L) | L7: =SUMIF(Provstidata!$A:$A,$A7,Provstidata!$M:$M) | M7: =SUMIF(Provstidata!$A:$A,$A7,Provstidata!$N:$N) | N7: =SUMIF(Provstidata!$A:$A,$A7,Provstidata!$O:$O) | O7: =SUMIF(Provstidata!$A:$A,$A7,Provstidata!$P:$P) | P7: =SUMIF(Provstidata!$A:$A,$A7,Provstidata!$R:$R) | Q7: =SUMIF(Provstidata!$A:$A,$A7,Provstidata!$S:$S) | R7: =SUMIF(Provstidata!$A:$A,$A7,Provstidata!$T:$T)
A8: Roskilde Stift | B8: =COUNTIF(Provstidata!$A:$A,$A8) | C8: =SUMIF(Provstidata!$A:$A,$A8,Provstidata!$C:$C) | D8: =SUMIF(Provstidata!$A:$A,$A8,Provstidata!$D:$D) | E8: =SUMIF(Provstidata!$A:$A,$A8,Provstidata!$E:$E) | F8: =IF(C8=0,"",D8/C8) | G8: =SUMIF(Provstidata!$A:$A,$A8,Provstidata!$G:$G) | H8: =SUMIF(Provstidata!$A:$A,$A8,Provstidata!$H:$H) | I8: =SUMIF(Provstidata!$A:$A,$A8,Provstidata!$J:$J) | J8: =SUMIF(Provstidata!$A:$A,$A8,Provstidata!$K:$K) | K8: =SUMIF(Provstidata!$A:$A,$A8,Provstidata!$L:$L) | L8: =SUMIF(Provstidata!$A:$A,$A8,Provstidata!$M:$M) | M8: =SUMIF(Provstidata!$A:$A,$A8,Provstidata!$N:$N) | N8: =SUMIF(Provstidata!$A:$A,$A8,Provstidata!$O:$O) | O8: =SUMIF(Provstidata!$A:$A,$A8,Provstidata!$P:$P) | P8: =SUMIF(Provstidata!$A:$A,$A8,Provstidata!$R:$R) | Q8: =SUMIF(Provstidata!$A:$A,$A8,Provstidata!$S:$S) | R8: =SUMIF(Provstidata!$A:$A,$A8,Provstidata!$T:$T)
A9: Viborg Stift | B9: =COUNTIF(Provstidata!$A:$A,$A9) | C9: =SUMIF(Provstidata!$A:$A,$A9,Provstidata!$C:$C) | D9: =SUMIF(Provstidata!$A:$A,$A9,Provstidata!$D:$D) | E9: =SUMIF(Provstidata!$A:$A,$A9,Provstidata!$E:$E) | F9: =IF(C9=0,"",D9/C9) | G9: =SUMIF(Provstidata!$A:$A,$A9,Provstidata!$G:$G) | H9: =SUMIF(Provstidata!$A:$A,$A9,Provstidata!$H:$H) | I9: =SUMIF(Provstidata!$A:$A,$A9,Provstidata!$J:$J) | J9: =SUMIF(Provstidata!$A:$A,$A9,Provstidata!$K:$K) | K9: =SUMIF(Provstidata!$A:$A,$A9,Provstidata!$L:$L) | L9: =SUMIF(Provstidata!$A:$A,$A9,Provstidata!$M:$M) | M9: =SUMIF(Provstidata!$A:$A,$A9,Provstidata!$N:$N) | N9: =SUMIF(Provstidata!$A:$A,$A9,Provstidata!$O:$O) | O9: =SUMIF(Provstidata!$A:$A,$A9,Provstidata!$P:$P) | P9: =SUMIF(Provstidata!$A:$A,$A9,Provstidata!$R:$R) | Q9: =SUMIF(Provstidata!$A:$A,$A9,Provstidata!$S:$S) | R9: =SUMIF(Provstidata!$A:$A,$A9,Provstidata!$T:$T)
A10: Aalborg Stift | B10: =COUNTIF(Provstidata!$A:$A,$A10) | C10: =SUMIF(Provstidata!$A:$A,$A10,Provstidata!$C:$C) | D10: =SUMIF(Provstidata!$A:$A,$A10,Provstidata!$D:$D) | E10: =SUMIF(Provstidata!$A:$A,$A10,Provstidata!$E:$E) | F10: =IF(C10=0,"",D10/C10) | G10: =SUMIF(Provstidata!$A:$A,$A10,Provstidata!$G:$G) | H10: =SUMIF(Provstidata!$A:$A,$A10,Provstidata!$H:$H) | I10: =SUMIF(Provstidata!$A:$A,$A10,Provstidata!$J:$J) | J10: =SUMIF(Provstidata!$A:$A,$A10,Provstidata!$K:$K) | K10: =SUMIF(Provstidata!$A:$A,$A10,Provstidata!$L:$L) | L10: =SUMIF(Provstidata!$A:$A,$A10,Provstidata!$M:$M) | M10: =SUMIF(Provstidata!$A:$A,$A10,Provstidata!$N:$N) | N10: =SUMIF(Provstidata!$A:$A,$A10,Provstidata!$O:$O) | O10: =SUMIF(Provstidata!$A:$A,$A10,Provstidata!$P:$P) | P10: =SUMIF(Provstidata!$A:$A,$A10,Provstidata!$R:$R) | Q10: =SUMIF(Provstidata!$A:$A,$A10,Provstidata!$S:$S) | R10: =SUMIF(Provstidata!$A:$A,$A10,Provstidata!$T:$T)
A11: Aarhus Stift | B11: =COUNTIF(Provstidata!$A:$A,$A11) | C11: =SUMIF(Provstidata!$A:$A,$A11,Provstidata!$C:$C) | D11: =SUMIF(Provstidata!$A:$A,$A11,Provstidata!$D:$D) | E11: =SUMIF(Provstidata!$A:$A,$A11,Provstidata!$E:$E) | F11: =IF(C11=0,"",D11/C11) | G11: =SUMIF(Provstidata!$A:$A,$A11,Provstidata!$G:$G) | H11: =SUMIF(Provstidata!$A:$A,$A11,Provstidata!$H:$H) | I11: =SUMIF(Provstidata!$A:$A,$A11,Provstidata!$J:$J) | J11: =SUMIF(Provstidata!$A:$A,$A11,Provstidata!$K:$K) | K11: =SUMIF(Provstidata!$A:$A,$A11,Provstidata!$L:$L) | L11: =SUMIF(Provstidata!$A:$A,$A11,Provstidata!$M:$M) | M11: =SUMIF(Provstidata!$A:$A,$A11,Provstidata!$N:$N) | N11: =SUMIF(Provstidata!$A:$A,$A11,Provstidata!$O:$O) | O11: =SUMIF(Provstidata!$A:$A,$A11,Provstidata!$P:$P) | P11: =SUMIF(Provstidata!$A:$A,$A11,Provstidata!$R:$R) | Q11: =SUMIF(Provstidata!$A:$A,$A11,Provstidata!$S:$S) | R11: =SUMIF(Provstidata!$A:$A,$A11,Provstidata!$T:$T)
A12: I alt | B12: =SUM(B2:B11) | C12: =SUM(C2:C11) | D12: =SUM(D2:D11) | E12: =SUM(E2:E11) | F12: =D12/C12 | G12: =SUM(G2:G11) | H12: =SUM(H2:H11) | I12: =SUM(I2:I11) | J12: =SUM(J2:J11) | K12: =SUM(K2:K11) | L12: =SUM(L2:L11) | M12: =SUM(M2:M11) | N12: =SUM(N2:N11) | ... R12: =SUM(R2:R11)

Sheet Datakontrol
A1: Kontrolpunkt | B1: Resultat | C1: Bemærkning
A2: Provstier i ny tabel | B2: 102 | C2: Forventet 102
A3: Provstier i tidligere app-data | B3: 102 | C3: Forventet 102
A4: Gamle provstier uden match i ny tabel | B4: 0 | C4: Ingen
A5: Nye provstier uden match i gamle data | B5: 0 | C5: Ingen
A6: Primær kilde anvendt | B6: Ja | C6: Ny tabel anvendt for befolkning/medlemmer/økonomi/struktur/præster inkl. LOFI
A7: Supplerende provsti.dk-data bevaret | B7: Ja | C7: Sogne, sognepræster, overenskomstansatte og Præster i alt

Sheet Afvigelser
A1: Provsti | B1: Kolonne | C1: Tidligere app-data | D1: Ny master | E1: Forskel | F1: Bemærkning
A2: Assens Provsti | B2: Indbyggertal | C2: 40170 | D2: 40053 | E2: -117 | F2: Primær kilde i master er ny tabel, hvis feltet findes dér
A3: Assens Provsti | B3: Folkekirkemedlemmer | C3: 32650 | D3: 32527 | E3: -123 | F3: Primær kilde i master er ny tabel, hvis feltet findes dér
A4: Assens Provsti | B4: Medlemsprocent | C4: 0.813 | D4: 0.81209897 | E4: -0.00090103113 | F4: Primær kilde i master er ny tabel, hvis feltet findes dér
A5: Assens Provsti | B5: Menighedsråd | C5: 23 | D5: 22 | E5: -1 | F5: Primær kilde i master er ny tabel, hvis feltet findes dér
A6: Assens Provsti | B6: Kirker | D6: 31 | F6: Mangler i en af kilderne
A7: Assens Provsti | B7: Lokal ligning t.kr. | D7: 59205.43 | F7: Mangler i en af kilderne
A8: Assens Provsti | B8: Maks. stiftsbidrag 1 % (t.kr.) | D8: 592.0543 | F8: Mangler i en af kilderne
A9: Bogense Provsti | B9: Indbyggertal | C9: 29426 | D9: 29392 | E9: -34 | F9: Primær kilde i master er ny tabel, hvis feltet findes dér
A10: Bogense Provsti | B10: Folkekirkemedlemmer | C10: 24103 | D10: 24016 | E10: -87 | F10: Primær kilde i master er ny tabel, hvis feltet findes dér
A11: Bogense Provsti | B11: Medlemsprocent | C11: 0.819 | D11: 0.81709309 | E11: -0.0019069134 | F11: Primær kilde i master er ny tabel, hvis feltet findes dér
A12: Bogense Provsti | B12: Kirker | D12: 30 | F12: Mangler i en af kilderne
A13: Bogense Provsti | B13: Lokal ligning t.kr. | D13: 45762.202 | F13: Mangler i en af kilderne
A14: Bogense Provsti | B14: Maks. stiftsbidrag 1 % (t.kr.) | D14: 457.62202 | F14: Mangler i en af kilderne
A15: Fåborg Provsti | B15: Indbyggertal | C15: 21979 | D15: 21957 | E15: -22 | F15: Primær kilde i master er ny tabel, hvis feltet findes dér
A16: Fåborg Provsti | B16: Folkekirkemedlemmer | C16: 17558 | D16: 17515 | E16: -43 | F16: Primær kilde i master er ny tabel, hvis feltet findes dér
A17: Fåborg Provsti | B17: Medlemsprocent | C17: 0.799 | D17: 0.7976955 | E17: -0.0013045043 | F17: Primær kilde i master er ny tabel, hvis feltet findes dér
A18: Fåborg Provsti | B18: Kirker | D18: 20 | F18: Mangler i en af kilderne
A19: Fåborg Provsti | B19: Lokal ligning t.kr. | D19: 76840.259 | F19: Mangler i en af kilderne
A20: Fåborg Provsti | B20: Maks. stiftsbidrag 1 % (t.kr.) | D20: 768.40259 | F20: Mangler i en af kilderne
A21: Hjallese Provsti | B21: Indbyggertal | C21: 104443 | D21: 104714 | E21: 271 | F21: Primær kilde i master er ny tabel, hvis feltet findes dér
A22: Hjallese Provsti | B22: Folkekirkemedlemmer | C22: 79221 | D22: 79163 | E22: -58 | F22: Primær kilde i master er ny tabel, hvis feltet findes dér
A23: Hjallese Provsti | B23: Medlemsprocent | C23: 0.759 | D23: 0.75599251 | E23: -0.0030074871 | F23: Primær kilde i master er ny tabel, hvis feltet findes dér
A24: Hjallese Provsti | B24: Kirker | D24: 27 | F24: Mangler i en af kilderne
A25: Hjallese Provsti | B25: Maks. stiftsbidrag 1 % (t.kr.) | D25: 0 | F25: Mangler i en af kilderne
A26: Kerteminde-Nyborg Provsti | B26: Indbyggertal | C26: 56700 | D26: 56771 | E26: 71 | F26: Primær kilde i master er ny tabel, hvis feltet findes dér
A27: Kerteminde-Nyborg Provsti | B27: Folkekirkemedlemmer | C27: 44466 | D27: 44413 | E27: -53 | F27: Primær kilde i master er ny tabel, hvis feltet findes dér
A28: Kerteminde-Nyborg Provsti | B28: Medlemsprocent | C28: 0.784 | D28: 0.78231844 | E28: -0.0016815628 | F28: Primær kilde i master er ny tabel, hvis feltet findes dér
A29: Kerteminde-Nyborg Provsti | B29: Menighedsråd | C29: 19 | D29: 18 | E29: -1 | F29: Primær kilde i master er ny tabel, hvis feltet findes dér
A30: Kerteminde-Nyborg Provsti | B30: Kirker | D30: 39 | F30: Mangler i en af kilderne
A31: Kerteminde-Nyborg Provsti | B31: Lokal ligning t.kr. | D31: 81248.872 | F31: Mangler i en af kilderne
A32: Kerteminde-Nyborg Provsti | B32: Maks. stiftsbidrag 1 % (t.kr.) | D32: 812.48872 | F32: Mangler i en af kilderne
A33: Langeland-Ærø Provsti | B33: Indbyggertal | C33: 17607 | D33: 17556 | E33: -51 | F33: Primær kilde i master er ny tabel, hvis feltet findes dér
A34: Langeland-Ærø Provsti | B34: Folkekirkemedlemmer | C34: 13839 | D34: 13767 | E34: -72 | F34: Primær kilde i master er ny tabel, hvis feltet findes dér
A35: Langeland-Ærø Provsti | B35: Medlemsprocent | C35: 0.786 | D35: 0.78417635 | E35: -0.00182365 | F35: Primær kilde i master er ny tabel, hvis feltet findes dér
A36: Langeland-Ærø Provsti | B36: Kirker | D36: 30 | F36: Mangler i en af kilderne
A37: Langeland-Ærø Provsti | B37: Lokal ligning t.kr. | D37: 28842.8 | F37: Mangler i en af kilderne
A38: Langeland-Ærø Provsti | B38: Maks. stiftsbidrag 1 % (t.kr.) | D38: 288.428 | F38: Mangler i en af kilderne
A39: Middelfart Provsti | B39: Indbyggertal | C39: 40577 | D39: 40606 | E39: 29 | F39: Primær kilde i master er ny tabel, hvis feltet findes dér
A40: Middelfart Provsti | B40: Folkekirkemedlemmer | C40: 33142 | D40: 33146 | E40: 4 | F40: Primær kilde i master er ny tabel, hvis feltet findes dér
A41: Middelfart Provsti | B41: Medlemsprocent | C41: 0.817 | D41: 0.81628331 | E41: -0.00071669211 | F41: Primær kilde i master er ny tabel, hvis feltet findes dér
A42: Middelfart Provsti | B42: Kirker | D42: 24 | F42: Mangler i en af kilderne
A43: Middelfart Provsti | B43: Lokal ligning t.kr. | D43: 58156.085 | F43: Mangler i en af kilderne
A44: Middelfart Provsti | B44: Maks. stiftsbidrag 1 % (t.kr.) | D44: 581.56085 | F44: Mangler i en af kilderne
A45: Midtfyn Provsti | B45: Indbyggertal | C45: 30349 | D45: 30316 | E45: -33 | F45: Primær kilde i master er ny tabel, hvis feltet findes dér
A46: Midtfyn Provsti | B46: Folkekirkemedlemmer | C46: 24501 | D46: 24467 | E46: -34 | F46: Primær kilde i master er ny tabel, hvis feltet findes dér
A47: Midtfyn Provsti | B47: Kirker | D47: 23 | F47: Mangler i en af kilderne
A48: Midtfyn Provsti | B48: Maks. stiftsbidrag 1 % (t.kr.) | D48: 0 | F48: Mangler i en af kilderne
A49: Odense Sankt Knuds Provsti | B49: Indbyggertal | C49: 108725 | D49: 108717 | E49: -8 | F49: Primær kilde i master er ny tabel, hvis feltet findes dér
A50: Odense Sankt Knuds Provsti | B50: Folkekirkemedlemmer | C50: 70112 | D50: 70051 | E50: -61 | F50: Primær kilde i master er ny tabel, hvis feltet findes dér
A51: Odense Sankt Knuds Provsti | B51: Medlemsprocent | C51: 0.645 | D51: 0.64434265 | E51: -0.0006573489 | F51: Primær kilde i master er ny tabel, hvis feltet findes dér
A52: Odense Sankt Knuds Provsti | B52: Kirker | D52: 17 | F52: Mangler i en af kilderne
A53: Odense Sankt Knuds Provsti | B53: Lokal ligning t.kr. | D53: 174147.86 | F53: Mangler i en af kilderne
A54: Odense Sankt Knuds Provsti | B54: Maks. stiftsbidrag 1 % (t.kr.) | D54: 1741.4786 | F54: Mangler i en af kilderne
A55: Svendborg Provsti | B55: Indbyggertal | C55: 60027 | D55: 60064 | E55: 37 | F55: Primær kilde i master er ny tabel, hvis feltet findes dér
A56: Svendborg Provsti | B56: Folkekirkemedlemmer | C56: 45486 | D56: 45484 | E56: -2 | F56: Primær kilde i master er ny tabel, hvis feltet findes dér
A57: Svendborg Provsti | B57: Medlemsprocent | C57: 0.758 | D57: 0.75725892 | E57: -0.00074107619 | F57: Primær kilde i master er ny tabel, hvis feltet findes dér
A58: Svendborg Provsti | B58: Kirker | D58: 34 | F58: Mangler i en af kilderne
A59: Svendborg Provsti | B59: Lokal ligning t.kr. | D59: 84114.012 | F59: Mangler i en af kilderne
A60: Svendborg Provsti | B60: Maks. stiftsbidrag 1 % (t.kr.) | D60: 841.14012 | F60: Mangler i en af kilderne
A61: Fredericia Provsti | B61: Indbyggertal | C61: 52939 | D61: 52920 | E61: -19 | F61: Primær kilde i master er ny tabel, hvis feltet findes dér
A62: Fredericia Provsti | B62: Folkekirkemedlemmer | C62: 39494 | D62: 39397 | E62: -97 | F62: Primær kilde i master er ny tabel, hvis feltet findes dér
A63: Fredericia Provsti | B63: Medlemsprocent | C63: 0.746 | D63: 0.74446334 | E63: -0.0015366591 | F63: Primær kilde i master er ny tabel, hvis feltet findes dér
A64: Fredericia Provsti | B64: Kirker | D64: 14 | F64: Mangler i en af kilderne
A65: Fredericia Provsti | B65: Lokal ligning t.kr. | D65: 67414.748 | F65: Mangler i en af kilderne
A66: Fredericia Provsti | B66: Maks. stiftsbidrag 1 % (t.kr.) | D66: 674.14748 | F66: Mangler i en af kilderne
A67: Haderslev Domprovsti | B67: Indbyggertal | C67: 55148 | D67: 55128 | E67: -20 | F67: Primær kilde i master er ny tabel, hvis feltet findes dér
A68: Haderslev Domprovsti | B68: Folkekirkemedlemmer | C68: 43066 | D68: 42941 | E68: -125 | F68: Primær kilde i master er ny tabel, hvis feltet findes dér
A69: Haderslev Domprovsti | B69: Medlemsprocent | C69: 0.781 | D69: 0.77893267 | E69: -0.0020673342 | F69: Primær kilde i master er ny tabel, hvis feltet findes dér
A70: Haderslev Domprovsti | B70: Kirker | D70: 32 | F70: Mangler i en af kilderne
A71: Haderslev Domprovsti | B71: Lokal ligning t.kr. | D71: 77002.24 | F71: Mangler i en af kilderne
A72: Haderslev Domprovsti | B72: Maks. stiftsbidrag 1 % (t.kr.) | D72: 770.0224 | F72: Mangler i en af kilderne
A73: Hedensted Provsti | B73: Indbyggertal | C73: 48411 | D73: 48584 | E73: 173 | F73: Primær kilde i master er ny tabel, hvis feltet findes dér
A74: Hedensted Provsti | B74: Folkekirkemedlemmer | C74: 38838 | D74: 38907 | E74: 69 | F74: Primær kilde i master er ny tabel, hvis feltet findes dér
A75: Hedensted Provsti | B75: Medlemsprocent | C75: 0.802 | D75: 0.8008192 | E75: -0.0011808003 | F75: Primær kilde i master er ny tabel, hvis feltet findes dér
A76: Hedensted Provsti | B76: Kirker | D76: 37 | F76: Mangler i en af kilderne
A77: Hedensted Provsti | B77: Lokal ligning t.kr. | D77: 70743.248 | F77: Mangler i en af kilderne
A78: Hedensted Provsti | B78: Maks. stiftsbidrag 1 % (t.kr.) | D78: 707.43248 | F78: Mangler i en af kilderne
A79: Kolding Provsti | B79: Indbyggertal | C79: 96293 | D79: 96295 | E79: 2 | F79: Primær kilde i master er ny tabel, hvis feltet findes dér
A80: Kolding Provsti | B80: Folkekirkemedlemmer | C80: 71862 | D80: 71735 | E80: -127 | F80: Primær kilde i master er ny tabel, hvis feltet findes dér
A81: Kolding Provsti | B81: Medlemsprocent | C81: 0.746 | D81: 0.74495041 | E81: -0.0010495872 | F81: Primær kilde i master er ny tabel, hvis feltet findes dér
A82: Kolding Provsti | B82: Kirker | D82: 39 | F82: Mangler i en af kilderne
A83: Kolding Provsti | B83: Lokal ligning t.kr. | D83: 127013.16 | F83: Mangler i en af kilderne
A84: Kolding Provsti | B84: Maks. stiftsbidrag 1 % (t.kr.) | D84: 1270.1316 | F84: Mangler i en af kilderne
A85: Sønderborg Provsti | B85: Indbyggertal | C85: 74127 | D85: 74007 | E85: -120 | F85: Primær kilde i master er ny tabel, hvis feltet findes dér
A86: Sønderborg Provsti | B86: Folkekirkemedlemmer | C86: 54629 | D86: 54438 | E86: -191 | F86: Primær kilde i master er ny tabel, hvis feltet findes dér
A87: Sønderborg Provsti | B87: Medlemsprocent | C87: 0.737 | D87: 0.73557907 | E87: -0.0014209332 | F87: Primær kilde i master er ny tabel, hvis feltet findes dér
A88: Sønderborg Provsti | B88: Kirker | D88: 36 | F88: Mangler i en af kilderne
A89: Sønderborg Provsti | B89: Lokal ligning t.kr. | D89: 96872.301 | F89: Mangler i en af kilderne
A90: Sønderborg Provsti | B90: Maks. stiftsbidrag 1 % (t.kr.) | D90: 968.72301 | F90: Mangler i en af kilderne
A91: Vejle Provsti | B91: Indbyggertal | C91: 105488 | D91: 105803 | E91: 315 | F91: Primær kilde i master er ny tabel, hvis feltet findes dér
A92: Vejle Provsti | B92: Folkekirkemedlemmer | C92: 76408 | D92: 76427 | E92: 19 | F92: Primær kilde i master er ny tabel, hvis feltet findes dér
A93: Vejle Provsti | B93: Medlemsprocent | C93: 0.724 | D93: 0.72235192 | E93: -0.0016480818 | F93: Primær kilde i master er ny tabel, hvis feltet findes dér
A94: Vejle Provsti | B94: Kirker | D94: 38 | F94: Mangler i en af kilderne
A95: Vejle Provsti | B95: Lokal ligning t.kr. | D95: 157938.06 | F95: Mangler i en af kilderne
A96: Vejle Provsti | B96: Maks. stiftsbidrag 1 % (t.kr.) | D96: 1579.3806 | F96: Mangler i en af kilderne
A97: Aabenraa Provsti | B97: Indbyggertal | C97: 58401 | D97: 58295 | E97: -106 | F97: Primær kilde i master er ny tabel, hvis feltet findes dér
A98: Aabenraa Provsti | B98: Folkekirkemedlemmer | C98: 42968 | D98: 42800 | E98: -168 | F98: Primær kilde i master er ny tabel, hvis feltet findes dér
A99: Aabenraa Provsti | B99: Medlemsprocent | C99: 0.736 | D99: 0.73419676 | E99: -0.0018032421 | F99: Primær kilde i master er ny tabel, hvis feltet findes dér
A100: Aabenraa Provsti | B100: Kirker | D100: 26 | F100: Mangler i en af kilderne
...

Sheet Kilder
A1: Felt/område | B1: Primær kilde | C1: Supplerende kilde | D1: Bemærkning
A2: Befolkning, medlemmer, ikke-medlemmer, medlemsprocent | B2: Kopi af Tabel vedr. stifter og provstier slut torsdag.xlsx / fanen Tabel | D2: Opgørelsen afviger marginalt fra tidligere app-data pga. opgørelsestidspunkt.
A3: Lokal ligning og maks. stiftsbidrag | B3: Kopi af Tabel vedr. stifter og provstier slut torsdag.xlsx / fanen Tabel | D3: Beløb er indlæst som t.kr. i masterfilen af hensyn til appens eksisterende format.
A4: Menighedsråd, pastorater, kirker | B4: Kopi af Tabel vedr. stifter og provstier slut torsdag.xlsx / fanen Tabel | D4: Kirker er angivet som kirker inkl. kapeller, også kommunale.
A5: Præster inkl. LOFI | B5: Kopi af Tabel vedr. stifter og provstier slut torsdag.xlsx / fanen Tabel | C5: Bilag 2 – Forslaget i tal | D5: LOFI = lokalt finansierede præstestillinger. Legacy-kolonnen "Præsteårsværk inkl. LOFI" er bevaret af hensyn til app-kompatibilitet, men bør senere omdøbes i appen.
A6: Sogne | B6: Tidligere app-datasæt baseret på provsti.dk-data | D6: Ikke i den nye tabel.
A7: Sognepræster | B7: Tidligere app-datasæt baseret på provsti.dk-data | D7: Ikke i den nye tabel.
A8: Overenskomstansatte sognepræster | B8: Tidligere app-datasæt baseret på provsti.dk-data | D8: Ikke i den nye tabel.
A9: Præster i alt | B9: Tidligere app-datasæt baseret på provsti.dk-data | D9: Sognepræster + overenskomstansatte sognepræster i tidligere data.
A10: Geografi | B10: data/provstier.geojson | D10: Uændret i v24.0.
A11: Formål med v24.0 | B11: Datakonsolidering | D11: Ingen funktionelle app-ændringer ud over at appens provstidata.xlsx nu er konsolideret.
