Workbook

Sheet Tabel
A1: Stift | B1: Provsti | C1: Medlemmer | D1: ikke medlem | E1: befolkning i alt | F1: Medlems-procent | G1: Lokal ligning | H1: Maks. Stiftsbidrag | I1: Antal Menighedsråd | J1: Antal Kirker inkl. Kapeller også kommunale | K1: Antal Pastorater | L1: Antal Præster | M1: Befolkningstilvækst (+/-) frem til 2040 tilknyttet kommune | N1: Befolkningstilvækst (+/-) frem til 2040 tilknyttet kommune i procent
A2: Fyens | B2: Assens Provsti | C2: 32527 | D2: 7526 | E2: =C2+D2 -> 40053 | F2: =C2/E2 -> 0.81209897 | G2: ='Lokal ligning'!F50 -> 59205430 | H2: =G2*1% -> 592054.3 | I2: 22 | J2: 31 | K2: 16 | L2: 18 | M2: =Befolkning!G51 -> -1345
A3: Fyens | B3: Bogense Provsti | C3: 24016 | D3: 5376 | E3: =C3+D3 -> 29392 | F3: =C3/E3 -> 0.81709309 | G3: ='Lokal ligning'!F56 -> 45762202 | H3: =G3*1% -> 457622.02 | I3: 18 | J3: 30 | K3: 11 | L3: 14 | M3: =Befolkning!G56 -> -902
A4: Fyens | B4: Fåborg Provsti | C4: 17515 | D4: 4442 | E4: =C4+D4 -> 21957 | F4: =C4/E4 -> 0.7976955 | G4: ='Lokal ligning'!F51 -> 76840259 | H4: =G4*1% -> 768402.59 | I4: 14 | J4: 20 | K4: 9 | L4: 10 | M4: =Befolkning!G52 -> 455
A5: Fyens | B5: Hjallese Provsti | C5: 79163 | D5: 25551 | E5: =C5+D5 -> 104714 | F5: =C5/E5 -> 0.75599251 | H5: =G5*1% -> 0 | I5: 20 | J5: 27 | K5: 17 | L5: 36
A6: Fyens | B6: Kerteminde-Nyborg Provsti | C6: 44413 | D6: 12358 | E6: =C6+D6 -> 56771 | F6: =C6/E6 -> 0.78231844 | G6: ='Lokal ligning'!F53+'Lokal ligning'!F52 -> 81248872 | H6: =G6*1% -> 812488.72 | I6: 18 | J6: 39 | K6: 18 | L6: 21 | M6: =Befolkning!G57+Befolkning!G53 -> -257
A7: Fyens | B7: Langeland-Ærø Provsti | C7: 13767 | D7: 3789 | E7: =C7+D7 -> 17556 | F7: =C7/E7 -> 0.78417635 | G7: ='Lokal ligning'!F57+'Lokal ligning'!F58 -> 28842800 | H7: =G7*1% -> 288428 | I7: 9 | J7: 30 | K7: 7 | L7: 11 | M7: =Befolkning!G60+Befolkning!G54 -> -1254
A8: Fyens | B8: Middelfart Provsti | C8: 33146 | D8: 7460 | E8: =C8+D8 -> 40606 | F8: =C8/E8 -> 0.81628331 | G8: ='Lokal ligning'!F49 -> 58156085 | H8: =G8*1% -> 581560.85 | I8: 13 | J8: 24 | K8: 10 | L8: 13 | M8: =Befolkning!G55 -> 2135
A9: Fyens | B9: Midtfyn Provsti | C9: 24467 | D9: 5849 | E9: =C9+D9 -> 30316 | F9: =C9/E9 -> 0.80706558 | H9: =G9*1% -> 0 | I9: 13 | J9: 23 | K9: 11 | L9: 8
A10: Fyens | B10: Odense Sankt Knuds Provsti | C10: 70051 | D10: 38666 | E10: =C10+D10 -> 108717 | F10: =C10/E10 -> 0.64434265 | G10: ='Lokal ligning'!F54 -> 1.7414786e+08 | H10: =G10*1% -> 1741478.6 | I10: 11 | J10: 17 | K10: 11 | L10: 26 | M10: =Befolkning!G58 -> 8432
A11: Fyens | B11: Svendborg Provsti | C11: 45484 | D11: 14580 | E11: =C11+D11 -> 60064 | F11: =C11/E11 -> 0.75725892 | G11: ='Lokal ligning'!F55 -> 84114012 | H11: =G11*1% -> 841140.12 | I11: 19 | J11: 34 | K11: 18 | L11: 20 | M11: =Befolkning!G59 -> 2727
A12: Fyens | C12: =SUM(C2:C11) -> 384549 | D12: =SUM(D2:D11) -> 125597 | E12: =SUM(E2:E11) -> 510146 | F12: =C12/E12 -> 0.75380185 | G12: =SUM(G2:G11) -> 6.0831752e+08 | H12: =G12*1% -> 6083175.2 | I12: =SUM(I2:I11) -> 157 | J12: =SUM(J2:J11) -> 275 | K12: =SUM(K2:K11) -> 128 | L12: =SUM(L2:L11)+1 -> 178 | M12: =SUM(M2:M11) -> 9991 | N12: =M12/E12 -> 0.01958459
A13: Haderslev | B13: Fredericia Provsti | C13: 39397 | D13: 13523 | E13: =C13+D13 -> 52920 | F13: =C13/E13 -> 0.74446334 | G13: ='Lokal ligning'!F68 -> 67414748 | H13: =G13*1% -> 674147.48 | I13: 10 | J13: 14 | K13: 10 | L13: 20 | M13: =Befolkning!G64 -> 1621
A14: Haderslev | B14: Haderslev Domprovsti | C14: 42941 | D14: 12187 | E14: =C14+D14 -> 55128 | F14: =C14/E14 -> 0.77893267 | G14: ='Lokal ligning'!F59 -> 77002240 | H14: =G14*1% -> 770022.4 | I14: 25 | J14: 32 | K14: 18 | L14: 27 | M14: =Befolkning!G65 -> -2353
A15: Haderslev | B15: Hedensted Provsti | C15: 38907 | D15: 9677 | E15: =C15+D15 -> 48584 | F15: =C15/E15 -> 0.8008192 | G15: ='Lokal ligning'!F87 -> 70743248 | H15: =G15*1% -> 707432.48 | I15: 20 | J15: 37 | K15: 16 | L15: 22 | M15: =Befolkning!G74 -> 3856
A16: Haderslev | B16: Kolding Provsti | C16: 71735 | D16: 24560 | E16: =C16+D16 -> 96295 | F16: =C16/E16 -> 0.74495041 | G16: ='Lokal ligning'!F70 -> 1.2701316e+08 | H16: =G16*1% -> 1270131.6 | I16: 24 | J16: 39 | K16: 22 | L16: 34 | M16: =Befolkning!G66 -> 3042
A17: Haderslev | B17: Sønderborg Provsti | C17: 54438 | D17: 19569 | E17: =C17+D17 -> 74007 | F17: =C17/E17 -> 0.73557907 | G17: ='Lokal ligning'!F61 -> 96872301 | H17: =G17*1% -> 968723.01 | I17: 23 | J17: 36 | K17: 20 | L17: 27 | M17: =Befolkning!G67 -> -3222
A18: Haderslev | B18: Vejle Provsti | C18: 76427 | D18: 29376 | E18: =C18+D18 -> 105803 | F18: =C18/E18 -> 0.72235192 | G18: ='Lokal ligning'!F71 -> 1.5793806e+08 | H18: =G18*1% -> 1579380.6 | I18: 24 | J18: 38 | K18: 23 | L18: 40 | M18: =Befolkning!G71 -> 9448
A19: Haderslev | B19: Aabenraa Provsti | C19: 42800 | D19: 15495 | E19: =C19+D19 -> 58295 | F19: =C19/E19 -> 0.73419676 | G19: ='Lokal ligning'!F67 -> 76710980 | H19: =G19*1% -> 767109.8 | I19: 19 | J19: 26 | K19: 16 | L19: 24 | M19: =Befolkning!G72 -> -2774
A20: Haderslev | C20: =SUM(C13:C19) -> 366645 | D20: =SUM(D13:D19) -> 124387 | E20: =SUM(E13:E19) -> 491032 | F20: =C20/E20 -> 0.7466825 | G20: =SUM(G13:G19) -> 6.7369473e+08 | H20: =G20*1% -> 6736947.3 | I20: =SUM(I13:I19) -> 145 | J20: =SUM(J13:J19) -> 222 | K20: =SUM(K13:K19) -> 125 | L20: =SUM(L13:L19)+9 -> 203 | M20: =SUM(M13:M19) -> 9618 | N20: =M20/E20 -> 0.019587318
A21: Helsingør | B21: Ballerup-Furesø Provsti | C21: 57614 | D21: 39272 | E21: =C21+D21 -> 96886 | F21: =C21/E21 -> 0.59465764 | G21: ='Lokal ligning'!F5+'Lokal ligning'!F20 -> 94940907 | H21: =G21*1% -> 949409.07 | I21: 7 | J21: 13 | K21: 6 | L21: 25 | M21: =Befolkning!G9+Befolkning!G25 -> 10383
A22: Helsingør | B22: Fredensborg Provsti | C22: 44535 | D22: 22914 | E22: =C22+D22 -> 67449 | F22: =C22/E22 -> 0.66027665 | G22: ='Lokal ligning'!F22+'Lokal ligning'!F25 -> 68792458 | H22: =G22*1% -> 687924.58 | I22: 6 | J22: 13 | K22: 6 | L22: 17 | M22: =Befolkning!G23+Befolkning!G30 -> 343
A23: Helsingør | B23: Frederikssund Provsti | C23: 68391 | D23: 25713 | E23: =C23+D23 -> 94104 | F23: =C23/E23 -> 0.72675976 | G23: ='Lokal ligning'!F27+'Lokal ligning'!F28 -> 1.2156687e+08 | H23: =G23*1% -> 1215668.7 | I23: 17 | J23: 28 | K23: 15 | L23: 32 | M23: =Befolkning!G22+Befolkning!G24 -> 5291
A24: Helsingør | B24: Frederiksværk Provsti | C24: 53698 | D24: 20012 | E24: =C24+D24 -> 73710 | F24: =C24/E24 -> 0.7285036 | G24: ='Lokal ligning'!F31+'Lokal ligning'!F34 -> 90257527 | H24: =G24*1% -> 902575.27 | I24: 16 | J24: 25 | K24: 13 | L24: 23 | M24: =Befolkning!G26+Befolkning!G27 -> 437
A25: Helsingør | B25: Gentofte Provsti | C25: 48605 | D25: 26481 | E25: =C25+D25 -> 75086 | F25: =C25/E25 -> 0.6473244 | G25: ='Lokal ligning'!F8 -> 62914377 | H25: =G25*1% -> 629143.77 | I25: 9 | J25: 14 | K25: 9 | L25: 19 | M25: =Befolkning!G11 -> -3466 | N25: =Befolkning!I11 -> -0.046275033
A26: Helsingør | B26: Gladsaxe-Herlev Provsti | C26: 55870 | D26: 47226 | E26: =C26+D26 -> 103096 | F26: =C26/E26 -> 0.54192209 | G26: ='Lokal ligning'!F9+'Lokal ligning'!F11 -> 94535170 | H26: =G26*1% -> 945351.7 | I26: 10 | J26: 14 | K26: 10 | L26: 28 | M26: =Befolkning!G12 -> 3981 | N26: =Befolkning!I12 -> 0.038890626
A27: Helsingør | B27: Glostrup Provsti | C27: 54408 | D27: 60552 | E27: =C27+D27 -> 114960 | F27: =C27/E27 -> 0.47327766 | G27: ='Lokal ligning'!F10+'Lokal ligning'!F12+'Lokal ligning'!F19+'Lokal ligning'!F6 -> 87883824 | H27: =G27*1% -> 878838.24 | I27: 9 | J27: 17 | K27: 9 | L27: 29 | M27: =Befolkning!G8 -> 10135 | N27: =Befolkning!I8 -> 0.08960621
A28: Helsingør | B28: Helsingør Domprovsti | C28: 43290 | D28: 21102 | E28: =C28+D28 -> 64392 | F28: =C28/E28 -> 0.67228848 | G28: ='Lokal ligning'!F23 -> 55124838 | H28: =G28*1% -> 551248.38 | I28: 10 | J28: 12 | K28: 9 | L28: 21 | M28: =Befolkning!G28 -> 1128 | N28: =Befolkning!I28 -> 0.017581047
A29: Helsingør | B29: Hillerød Provsti | C29: 56842 | D29: 25402 | E29: =C29+D29 -> 82244 | F29: =C29/E29 -> 0.69113856 | G29: ='Lokal ligning'!F21+'Lokal ligning'!F24 -> 79963177 | H29: =G29*1% -> 799631.77 | I29: 15 | J29: 25 | K29: 14 | L29: 27 | M29: =Befolkning!G29+Befolkning!G21 -> 4868
A30: Helsingør | B30: Høje Taastrup Provsti | C30: 37529 | D30: 48047 | E30: =C30+D30 -> 85576 | F30: =C30/E30 -> 0.43854585 | G30: ='Lokal ligning'!F14+'Lokal ligning'!F17 -> 63559280 | H30: =G30*1% -> 635592.8 | I30: 9 | J30: 11 | K30: 7 | L30: 18 | M30: =Befolkning!G16+Befolkning!G17 -> 10370
A31: Helsingør | B31: Kongens Lyngby Provsti | C31: 36601 | D31: 22321 | E31: =C31+D31 -> 58922 | F31: =C31/E31 -> 0.62117715 | G31: ='Lokal ligning'!F15 -> 63228431 | H31: =G31*1% -> 632284.31 | I31: 6 | J31: 10 | K31: 6 | L31: 18 | M31: =Befolkning!G18 -> 671
A32: Helsingør | B32: Rudersdal Provsti | C32: 39123 | D32: 18954 | E32: =C32+D32 -> 58077 | F32: =C32/E32 -> 0.67364017 | G32: ='Lokal ligning'!F26 -> 66611508 | H32: =G32*1% -> 666115.08 | I32: 8 | J32: 11 | K32: 8 | L32: 20 | M32: =Befolkning!G31 -> -1349
A33: Helsingør | B33: Rødovre-Hvidovre Provsti | C33: 56326 | D33: 42965 | E33: =C33+D33 -> 99291 | F33: =C33/E33 -> 0.56728203 | G33: ='Lokal ligning'!F16+'Lokal ligning'!F13 -> 80698250 | H33: =G33*1% -> 806982.5 | I33: 8 | J33: 14 | K33: 8 | L33: 25 | M33: =Befolkning!G15+Befolkning!G19 -> 5243
A34: Helsingør | C34: =SUM(C21:C33) -> 652832 | D34: =SUM(D21:D33) -> 420961 | E34: =SUM(E21:E33) -> 1073793 | F34: =C34/E34 -> 0.6079682 | G34: =SUM(G21:G33) -> 1.0300766e+09 | H34: =G34*1% -> 10300766 | I34: =SUM(I21:I33) -> 130 | J34: =SUM(J21:J33) -> 207 | K34: =SUM(K21:K33) -> 120 | L34: =SUM(L21:L33) -> 302 | M34: =SUM(M21:M33) -> 48035 | N34: =M34/E34 -> 0.044733948
A35: København | B35: Amagerbro Provsti | C35: 82209 | D35: 87908 | E35: =C35+D35 -> 170117 | F35: =C35/E35 -> 0.48324976 | H35: =G35*1% -> 0 | I35: =GETPIVOTDATA("MRKode",Menighedsråd!$A$1,"Stift","Københavns Stift","Provsti","Amagerbro Provsti") -> 12 | J35: 16 | K35: 10 | L35: 33
A36: København | B36: Amagerland Provsti | C36: 40442 | D36: 18256 | E36: =C36+D36 -> 58698 | F36: =C36/E36 -> 0.68898429 | G36: ='Lokal ligning'!F18+'Lokal ligning'!F7 -> 48688610 | H36: =G36*1% -> 486886.1 | I36: =GETPIVOTDATA("MRKode",Menighedsråd!$A$1,"Stift","Københavns Stift","Provsti","Amagerland Provsti") -> 6 | J36: 9 | K36: 6 | L36: 18 | M36: =Befolkning!G6 -> 197 | N36: =Befolkning!I6 -> 0.0033579355
A37: København | B37: Bispebjerg-Brønshøj Provsti | C37: 40597 | D37: 55843 | E37: =C37+D37 -> 96440 | F37: =C37/E37 -> 0.42095603 | H37: =G37*1% -> 0 | I37: =GETPIVOTDATA("MRKode",Menighedsråd!$A$1,"Stift","Københavns Stift","Provsti","Bispebjerg-Brønshøj Provsti") -> 10 | J37: 14 | K37: 9 | L37: 25
A38: København | B38: Bornholms Provsti | C38: 29081 | D38: 9622 | E38: =C38+D38 -> 38703 | F38: =C38/E38 -> 0.75138878 | G38: ='Lokal ligning'!F48 -> 49111137 | H38: =G38*1% -> 491111.37 | I38: =GETPIVOTDATA("MRKode",Menighedsråd!$A$1,"Stift","Københavns Stift","Provsti","Bornholms Provsti") -> 18 | J38: 29 | K38: 14 | L38: 18 | M38: =Befolkning!G32 -> -3143 | N38: =Befolkning!I32 -> -0.081007242
A39: København | B39: Frederiksberg Provsti | C39: 61301 | D39: 45132 | E39: =C39+D39 -> 106433 | F39: =C39/E39 -> 0.57595858 | G39: ='Lokal ligning'!F4 -> 70094214 | H39: =G39*1% -> 700942.14 | I39: =GETPIVOTDATA("MRKode",Menighedsråd!$A$1,"Stift","Københavns Stift","Provsti","Frederiksberg Provsti") -> 9 | J39: 18 | K39: 9 | L39: 28 | M39: =Befolkning!G5 -> -3801 | N39: =Befolkning!I5 -> -0.035889301
A40: København | B40: Holmens og Østerbro Provsti | C40: 61354 | D40: 51496 | E40: =C40+D40 -> 112850 | F40: =C40/E40 -> 0.54367745 | H40: =G40*1% -> 0 | I40: =GETPIVOTDATA("MRKode",Menighedsråd!$A$1,"Stift","Københavns Stift","Provsti","Holmens og Østerbro Provsti") -> 14 | J40: 20 | K40: 13 | L40: 28
A41: København | B41: Nørrebro Provsti | C41: 35310 | D41: 41146 | E41: =C41+D41 -> 76456 | F41: =C41/E41 -> 0.46183426 | G41: ='Lokal ligning'!F3 -> 5.9155065e+08 | H41: =G41*1% -> 5915506.5 | I41: =GETPIVOTDATA("MRKode",Menighedsråd!$A$1,"Stift","Københavns Stift","Provsti","Nørrebro Provsti") -> 6 | J41: 12 | K41: 5 | L41: 19 | M41: =Befolkning!G4 -> 29269 | N41: =Befolkning!I4 -> 0.043510772
A42: København | B42: Valby-Vanløse Provsti | C42: 56847 | D42: 51901 | E42: =C42+D42 -> 108748 | F42: =C42/E42 -> 0.52274065 | H42: =G42*1% -> 0 | I42: =GETPIVOTDATA("MRKode",Menighedsråd!$A$1,"Stift","Københavns Stift","Provsti","Valby-Vanløse Provsti") -> 9 | J42: 12 | K42: 9 | L42: 24
A43: København | B43: Vor Frue-Vesterbro Provsti | C43: 51772 | D43: 57055 | E43: =C43+D43 -> 108827 | F43: =C43/E43 -> 0.47572753 | H43: =G43*1% -> 0 | I43: =GETPIVOTDATA("MRKode",Menighedsråd!$A$1,"Stift","Københavns Stift","Provsti","Vor Frue-Vesterbro Provsti") -> 7 | J43: 20 | K43: 7 | L43: 32
A44: København | C44: =SUM(C35:C43) -> 458913 | D44: =SUM(D35:D43) -> 418359 | E44: =SUM(E35:E43) -> 877272 | F44: =C44/E44 -> 0.5231137 | G44: =SUM(G35:G43) -> 7.5944461e+08 | H44: =G44*1% -> 7594446.1 | I44: =SUM(I35:I43) -> 91 | J44: =SUM(J35:J43) -> 150 | K44: =SUM(K35:K43) -> 82 | L44: =SUM(L35:L43)+1 -> 226 | M44: =SUM(M36:M43) -> 22522 | N44: =M44/E44 -> 0.025672767
A45: Lolland-Falster | B45: Falster Provsti | C45: 31707 | D45: 9422 | E45: =C45+D45 -> 41129 | F45: =C45/E45 -> 0.7709159 | H45: =G45*1% -> 0 | I45: 18 | J45: 38 | K45: 14 | L45: 22
A46: Lolland-Falster | B46: Lolland Vestre Provsti | C46: 16207 | D46: 4876 | E46: =C46+D46 -> 21083 | F46: =C46/E46 -> 0.76872362 | G46: ='Lokal ligning'!F44 -> 68777658 | H46: =G46*1% -> 687776.58 | I46: 15 | J46: 32 | K46: 7 | L46: 13 | M46: =Befolkning!G43 -> -3867
A47: Lolland-Falster | B47: Lolland Østre Provsti | C47: 14300 | D47: 3575 | E47: =C47+D47 -> 17875 | F47: =C47/E47 -> 0.8 | G47: ='Lokal ligning'!F46 -> 98745020 | H47: =G47*1% -> 987450.2 | I47: 10 | J47: 23 | K47: 7 | L47: 10 | M47: =Befolkning!G40 -> -3439
A48: Lolland-Falster | B48: Maribo Domprovsti | C48: 12889 | D48: 4444 | E48: =C48+D48 -> 17333 | F48: =C48/E48 -> 0.74361045 | H48: =G48*1% -> 0 | I48: 15 | J48: 23 | K48: 9 | L48: 10
A49: Lolland-Falster | C49: =SUM(C45:C48) -> 75103 | D49: =SUM(D45:D48) -> 22317 | E49: =SUM(E45:E48) -> 97420 | F49: =C49/E49 -> 0.77091973 | G49: =SUM(G45:G48) -> 1.6752268e+08 | H49: =G49*1% -> 1675226.8 | I49: =SUM(I45:I48) -> 58 | J49: =SUM(J45:J48) -> 116 | K49: =SUM(K45:K48) -> 37 | L49: =SUM(L45:L48) -> 55 | M49: =SUM(M46:M48) -> -7306 | N49: =M49/E49 -> -0.074994868
A50: Ribe | B50: Grene Provsti | C50: 34329 | D50: 10722 | E50: =C50+D50 -> 45051 | F50: =C50/E50 -> 0.76200306 | G50: ='Lokal ligning'!F60 -> 35485326 | H50: =G50*1% -> 354853.26 | I50: 15 | J50: 29 | K50: 13 | L50: 18 | M50: =Befolkning!G61 -> 239
A51: Ribe | B51: Malt Provsti | C51: 33412 | D51: 9198 | E51: =C51+D51 -> 42610 | F51: =C51/E51 -> 0.78413518 | G51: ='Lokal ligning'!F66 -> 69097065 | H51: =G51*1% -> 690970.65 | I51: 23 | J51: 30 | K51: 12 | L51: 16 | M51: =Befolkning!G70 -> -1325
A52: Ribe | B52: Ribe Domprovsti | C52: 26588 | D52: 4729 | E52: =C52+D52 -> 31317 | F52: =C52/E52 -> 0.84899575 | G52: ='Lokal ligning'!F63 -> 1.3871832e+08 | H52: =G52*1% -> 1387183.2 | I52: 16 | J52: 24 | K52: 10 | L52: 15 | M52: =Befolkning!G62 -> -3754
A53: Ribe | B53: Ringkøbing Provsti | C53: 22253 | D53: 5561 | E53: =C53+D53 -> 27814 | F53: =C53/E53 -> 0.80006472 | H53: =G53*1% -> 0 | I53: 18 | J53: 29 | K53: 13 | L53: 16
A54: Ribe | B54: Skads Provsti | C54: 67227 | D54: 20011 | E54: =C54+D54 -> 87238 | F54: =C54/E54 -> 0.77061602 | G54: ='Lokal ligning'!F64 -> 6306180.5 | H54: =G54*1% -> 63061.805 | I54: 17 | J54: 23 | K54: 15 | L54: 32 | M54: =Befolkning!G63 -> -498
A55: Ribe | B55: Skjern Provsti | C55: 26731 | D55: 6763 | E55: =C55+D55 -> 33494 | F55: =C55/E55 -> 0.79808324 | G55: ='Lokal ligning'!F86 -> 90210045 | H55: =G55*1% -> 902100.45 | I55: 22 | J55: 32 | K55: 13 | L55: 15 | M55: =Befolkning!G88 -> -3409
A56: Ribe | B56: Tønder Provsti | C56: 27884 | D56: 8325 | E56: =C56+D56 -> 36209 | F56: =C56/E56 -> 0.77008479 | G56: ='Lokal ligning'!F62 -> 61866470 | H56: =G56*1% -> 618664.7 | I56: 26 | J56: 32 | K56: 14 | L56: 18 | M56: =Befolkning!G68 -> -2471
A57: Ribe | B57: Varde Provsti | C57: 40165 | D57: 8958 | E57: =C57+D57 -> 49123 | F57: =C57/E57 -> 0.81764143 | G57: ='Lokal ligning'!F65 -> 71551382 | H57: =G57*1% -> 715513.82 | I57: 25 | J57: 34 | K57: 15 | L57: 21 | M57: =Befolkning!G69 -> -1977
A58: Ribe | C58: =SUM(C50:C57) -> 278589 | D58: =SUM(D50:D57) -> 74267 | E58: =SUM(E50:E57) -> 352856 | F58: =C58/E58 -> 0.78952604 | G58: =SUM(G50:G57) -> 4.7323479e+08 | H58: =G58*1% -> 4732347.9 | I58: =SUM(I50:I57) -> 162 | J58: =SUM(J50:J57) -> 233 | K58: =SUM(K50:K57) -> 105 | L58: =SUM(L50:L57)+2 -> 153 | M58: =SUM(M50:M57) -> -13195 | N58: =M58/E58 -> -0.037394858
A59: Roskilde | B59: Greve-Solrød Provsti | C59: 53995 | D59: 25292 | E59: =C59+D59 -> 79287 | F59: =C59/E59 -> 0.68100697 | G59: ='Lokal ligning'!F33+'Lokal ligning'!F29 -> 92943022 | H59: =G59*1% -> 929430.22 | I59: 10 | J59: 17 | K59: 9 | L59: 25 | M59: =Befolkning!G34+Befolkning!G38 -> 5435
A60: Roskilde | B60: Holbæk Provsti | C60: 55936 | D60: 19193 | E60: =C60+D60 -> 75129 | F60: =C60/E60 -> 0.74453274 | G60: ='Lokal ligning'!F36 -> 1.0445273e+08 | H60: =G60*1% -> 1044527.3 | I60: 21 | J60: 37 | K60: 18 | L60: 31 | M60: =Befolkning!G41 -> 3005
A61: Roskilde | B61: Kalundborg Provsti | C61: 37125 | D61: 10717 | E61: =C61+D61 -> 47842 | F61: =C61/E61 -> 0.77599181 | G61: ='Lokal ligning'!F38 -> 75082738 | H61: =G61*1% -> 750827.38 | I61: 22 | J61: 39 | K61: 14 | L61: 21 | M61: =Befolkning!G42 -> -2506
A62: Roskilde | B62: Køge Provsti | C62: 45332 | D62: 18716 | E62: =C62+D62 -> 64048 | F62: =C62/E62 -> 0.70778166 | G62: ='Lokal ligning'!F30 -> 79246176 | H62: =G62*1% -> 792461.76 | I62: 12 | J62: 19 | K62: 8 | L62: 21 | M62: =Befolkning!G35 -> 1987
A63: Roskilde | B63: Lejre Provsti | C63: 21267 | D63: 8671 | E63: =C63+D63 -> 29938 | F63: =C63/E63 -> 0.71036809 | G63: ='Lokal ligning'!F43 -> 46805563 | H63: =G63*1% -> 468055.63 | I63: 11 | J63: 18 | K63: 8 | L63: 11 | M63: =Befolkning!G36 -> 1855
A64: Roskilde | B64: Næstved Provsti | C64: 65962 | D64: 19216 | E64: =C64+D64 -> 85178 | F64: =C64/E64 -> 0.77440184 | G64: ='Lokal ligning'!F45 -> 1.2082965e+08 | H64: =G64*1% -> 1208296.5 | I64: 24 | J64: 47 | K64: 19 | L64: 31 | M64: =Befolkning!G44 -> 968
A65: Roskilde | B65: Odsherred Provsti | C65: 25048 | D65: 6886 | E65: =C65+D65 -> 31934 | F65: =C65/E65 -> 0.78436776 | G65: ='Lokal ligning'!F35 -> 46244928 | H65: =G65*1% -> 462449.28 | I65: 12 | J65: 19 | K65: 9 | L65: 12 | M65: =Befolkning!G45 -> -2482
A66: Roskilde | B66: Ringsted-Sorø Provsti | C66: 48894 | D66: 18061 | E66: =C66+D66 -> 66955 | F66: =C66/E66 -> 0.73025166 | G66: ='Lokal ligning'!F39+'Lokal ligning'!F42 -> 91108833 | H66: =G66*1% -> 911088.33 | I66: 24 | J66: 39 | K66: 15 | L66: 27 | M66: =Befolkning!G46+Befolkning!G48 -> 2050
A67: Roskilde | B67: Roskilde Domprovsti | C67: 65635 | D67: 27430 | E67: =C67+D67 -> 93065 | F67: =C67/E67 -> 0.70525976 | G67: ='Lokal ligning'!F32 -> 1.1977419e+08 | H67: =G67*1% -> 1197741.9 | I67: 12 | J67: 26 | K67: 11 | L67: 32 | M67: =Befolkning!G37 -> 3059
A68: Roskilde | B68: Slagelse Provsti | C68: 60360 | D68: 20473 | E68: =C68+D68 -> 80833 | F68: =C68/E68 -> 0.74672473 | G68: ='Lokal ligning'!F40 -> 1.0710705e+08 | H68: =G68*1% -> 1071070.5 | I68: 24 | J68: 48 | K68: 20 | L68: 31 | M68: =Befolkning!G47 -> 639
A69: Roskilde | B69: Stege-Vordingborg Provsti | C69: 34096 | D69: 10719 | E69: =C69+D69 -> 44815 | F69: =C69/E69 -> 0.76081669 | G69: ='Lokal ligning'!F47 -> 65378083 | H69: =G69*1% -> 653780.83 | I69: 17 | J69: 30 | K69: 11 | L69: 17 | M69: =Befolkning!G50 -> -1671
A70: Roskilde | B70: Tryggevælde Provsti | C70: 47101 | D70: 14938 | E70: =C70+D70 -> 62039 | F70: =C70/E70 -> 0.75921598 | G70: ='Lokal ligning'!F37+'Lokal ligning'!F41 -> 98695005 | H70: =G70*1% -> 986950.05 | I70: 25 | J70: 40 | K70: 15 | L70: 21 | M70: =Befolkning!G39+Befolkning!G49 -> 809
A71: Roskilde | C71: =SUM(C59:C70) -> 560751 | D71: =SUM(D59:D70) -> 200312 | E71: =SUM(E59:E70) -> 761063 | F71: =C71/E71 -> 0.73679971 | G71: =SUM(G59:G70) -> 1.047668e+09 | H71: =G71*1% -> 10476680 | I71: =SUM(I59:I70) -> 214 | J71: =SUM(J59:J70) -> 379 | K71: =SUM(K59:K70) -> 157 | L71: =SUM(L59:L70)+4 -> 284 | M71: =SUM(M59:M70) -> 13148 | N71: =M71/E71 -> 0.017275837
A72: Viborg | B72: Herning Nordre Provsti | C72: 31342 | D72: 6474 | E72: =C72+D72 -> 37816 | F72: =C72/E72 -> 0.82880262 | G72: ='Lokal ligning'!F72 -> 1.2875794e+08 | H72: =G72*1% -> 1287579.4 | I72: 19 | J72: 25 | K72: 8 | L72: 18 | M72: =Befolkning!G84 -> -1643
A73: Viborg | B73: Herning Søndre Provsti | C73: 39806 | D73: 13233 | E73: =C73+D73 -> 53039 | F73: =C73/E73 -> 0.75050435 | H73: =G73*1% -> 0 | I73: 15 | J73: 21 | K73: 11 | L73: 20
A74: Viborg | B74: Holstebro Provsti | C74: 43624 | D74: 9759 | E74: =C74+D74 -> 53383 | F74: =C74/E74 -> 0.81718899 | G74: ='Lokal ligning'!F73 -> 94725524 | H74: =G74*1% -> 947255.24 | I74: 18 | J74: 26 | K74: 12 | L74: 22 | M74: =Befolkning!G85 -> -1441
A75: Viborg | B75: Ikast-Brande Provsti | C75: 43747 | D75: 12776 | E75: =C75+D75 -> 56523 | F75: =C75/E75 -> 0.77396812 | G75: ='Lokal ligning'!F85 -> 56768681 | H75: =G75*1% -> 567686.81 | I75: 21 | J75: 28 | K75: 14 | L75: 21 | M75: =Befolkning!G86 -> 1392
A76: Viborg | B76: Lemvig Provsti | C76: 15498 | D76: 3028 | E76: =C76+D76 -> 18526 | F76: =C76/E76 -> 0.83655403 | G76: ='Lokal ligning'!F74 -> 40154233 | H76: =G76*1% -> 401542.33 | I76: 13 | J76: 31 | K76: 7 | L76: 12 | M76: =Befolkning!G87 -> -2177
A77: Viborg | B77: Salling Provsti | C77: 14255 | D77: 2687 | E77: =C77+D77 -> 16942 | F77: =C77/E77 -> 0.84140007 | G77: ='Lokal ligning'!F89 -> 76925321 | H77: =G77*1% -> 769253.21 | I77: 13 | J77: 33 | K77: 5 | L77: 9 | M77: =Befolkning!G89 -> -4086
A78: Viborg | B78: Skive Provsti | C78: 22758 | D78: 4586 | E78: =C78+D78 -> 27344 | F78: =C78/E78 -> 0.83228496 | H78: =G78*1% -> 0 | I78: 11 | J78: 16 | K78: 7 | L78: 10
A79: Viborg | B79: Struer Provsti | C79: 16291 | D79: 3861 | E79: =C79+D79 -> 20152 | F79: =C79/E79 -> 0.80840611 | G79: ='Lokal ligning'!F75 -> 37453967 | H79: =G79*1% -> 374539.67 | I79: 8 | J79: 18 | K79: 6 | L79: 10 | M79: =Befolkning!G90 -> -2126
A80: Viborg | B80: Vesthimmerlands Provsti | C80: 29509 | D80: 6098 | E80: =C80+D80 -> 35607 | F80: =C80/E80 -> 0.82874154 | G80: ='Lokal ligning'!F94 -> 65997550 | H80: =G80*1% -> 659975.5 | I80: 25 | J80: 39 | K80: 15 | L80: 15 | M80: =Befolkning!G101 -> -2440
A81: Viborg | B81: Viborg Domprovsti | C81: 49604 | D81: 12776 | E81: =C81+D81 -> 62380 | F81: =C81/E81 -> 0.79519077 | G81: ='Lokal ligning'!F91 -> 1.3501398e+08 | H81: =G81*1% -> 1350139.8 | I81: 24 | J81: 37 | K81: 13 | L81: 27 | M81: =Befolkning!G91 -> -1852
A82: Viborg | B82: Viborg Østre Provsti | C82: 30280 | D82: 6077 | E82: =C82+D82 -> 36357 | F82: =C82/E82 -> 0.832852 | H82: =G82*1% -> 0 | I82: 25 | J82: 39 | K82: 16 | L82: 19
A83: Viborg | C83: =SUM(C72:C82) -> 336714 | D83: =SUM(D72:D82) -> 81355 | E83: =SUM(E72:E82) -> 418069 | F83: =C83/E83 -> 0.80540294 | G83: =SUM(G72:G82) -> 6.357972e+08 | H83: =G83*1% -> 6357972 | I83: =SUM(I72:I82) -> 192 | J83: =SUM(J72:J82) -> 313 | K83: =SUM(K72:K82) -> 114 | L83: =SUM(L72:L82) -> 183 | M83: =SUM(M72:M82) -> -14373 | N83: =M83/E83 -> -0.034379492
A84: Aalborg | B84: Brønderslev Provsti | C84: 30636 | D84: 5997 | E84: =C84+D84 -> 36633 | F84: =C84/E84 -> 0.83629514 | G84: ='Lokal ligning'!F92 -> 57727306 | H84: =G84*1% -> 577273.06 | I84: 11 | J84: 22 | K84: 9 | L84: 13 | M84: =Befolkning!G92 -> 163
A85: Aalborg | B85: Frederikshavn Provsti | C85: 46651 | D85: 10792 | E85: =C85+D85 -> 57443 | F85: =C85/E85 -> 0.8121268 | G85: ='Lokal ligning'!F93 -> 89509755 | H85: =G85*1% -> 895097.55 | I85: 13 | J85: 32 | K85: 13 | L85: 21 | M85: =Befolkning!G93 -> -4347
A86: Aalborg | B86: Hadsund Provsti | C86: 14937 | D86: 2764 | E86: =C86+D86 -> 17701 | F86: =C86/E86 -> 0.84385063 | H86: =G86*1% -> 0 | I86: 11 | J86: 14 | K86: 7 | L86: 11
A87: Aalborg | B87: Hjørring Nordre Provsti | C87: 19297 | D87: 3736 | E87: =C87+D87 -> 23033 | F87: =C87/E87 -> 0.83779794 | G87: ='Lokal ligning'!F95+'Lokal ligning'!F100 -> 1.1789885e+08 | H87: =G87*1% -> 1178988.5 | I87: 13 | J87: 23 | K87: 9 | L87: 14 | M87: =Befolkning!G94+Befolkning!G96 -> -4233
A88: Aalborg | B88: Hjørring Søndre Provsti | C88: 34323 | D88: 7252 | E88: =C88+D88 -> 41575 | F88: =C88/E88 -> 0.82556825 | H88: =G88*1% -> 0 | I88: 15 | J88: 30 | K88: 9 | L88: 15
A89: Aalborg | B89: Jammerbugt Provsti | C89: 31781 | D89: 6152 | E89: =C89+D89 -> 37933 | F89: =C89/E89 -> 0.83781931 | G89: ='Lokal ligning'!F98 -> 68522963 | H89: =G89*1% -> 685229.63 | I89: 16 | J89: 33 | K89: 14 | L89: 13 | M89: =Befolkning!G95 -> -1933
A90: Aalborg | B90: Morsø Provsti | C90: 15681 | D90: 3648 | E90: =C90+D90 -> 19329 | F90: =C90/E90 -> 0.81126804 | G90: ='Lokal ligning'!F88 -> 34931462 | H90: =G90*1% -> 349314.62 | I90: 16 | J90: 34 | K90: 8 | L90: 7 | M90: =Befolkning!G98 -> -1797
A91: Aalborg | B91: Rebild Provsti | C91: 25824 | D91: 5452 | E91: =C91+D91 -> 31276 | F91: =C91/E91 -> 0.82568103 | G91: ='Lokal ligning'!F96 -> 59928178 | H91: =G91*1% -> 599281.78 | I91: 16 | J91: 30 | K91: 9 | L91: 13 | M91: =Befolkning!G99 -> -365
A92: Aalborg | B92: Sydthy Provsti | C92: 10580 | D92: 1919 | E92: =C92+D92 -> 12499 | F92: =C92/E92 -> 0.84646772 | H92: =G92*1% -> 0 | I92: 14 | J92: 26 | K92: 8 | L92: 7
A93: Aalborg | B93: Thisted Provsti | C93: 23769 | D93: 6276 | E93: =C93+D93 -> 30045 | F93: =C93/E93 -> 0.79111333 | G93: ='Lokal ligning'!F90 -> 80838764 | H93: =G93*1% -> 808387.64 | I93: 19 | J93: 35 | K93: 10 | L93: 12 | M93: =Befolkning!G100 -> -2297
A94: Aalborg | B94: Aalborg Budolfi Provsti | C94: 61503 | D94: 23110 | E94: =C94+D94 -> 84613 | F94: =C94/E94 -> 0.72687412 | G94: ='Lokal ligning'!F99 -> 3.0652734e+08 | H94: =G94*1% -> 3065273.4 | I94: 10 | J94: 15 | K94: 10 | L94: 30 | M94: =Befolkning!G102 -> 10418
A95: Aalborg | B95: Aalborg Nordre Provsti | C95: 42762 | D95: 11655 | E95: =C95+D95 -> 54417 | F95: =C95/E95 -> 0.78582061 | H95: =G95*1% -> 0 | I95: 13 | J95: 24 | K95: 12 | L95: 20
A96: Aalborg | B96: Aalborg Vestre Provsti | C96: 22875 | D96: 4368 | E96: =C96+D96 -> 27243 | F96: =C96/E96 -> 0.83966524 | H96: =G96*1% -> 0 | I96: 10 | J96: 18 | K96: 8 | L96: 12
A97: Aalborg | B97: Aalborg Østre Provsti | C97: 44981 | D97: 15025 | E97: =C97+D97 -> 60006 | F97: =C97/E97 -> 0.74960837 | H97: =G97*1% -> 0 | I97: 12 | J97: 21 | K97: 9 | L97: 20
A98: Aalborg | C98: =SUM(C84:C97) -> 425600 | D98: =SUM(D84:D97) -> 108146 | E98: =C98+D98 -> 533746 | F98: =C98/E98 -> 0.79738302 | G98: =SUM(G84:G97) -> 8.1588462e+08 | H98: =G98*1% -> 8158846.2 | I98: =SUM(I84:I97) -> 189 | J98: =SUM(J84:J97) -> 357 | K98: =SUM(K84:K97) -> 135 | L98: =SUM(L84:L97)+8 -> 216 | M98: =SUM(M84:M97) -> -4391 | N98: =M98/E98 -> -0.0082267595
A99: Aarhus | B99: Favrskov Provsti | C99: 39604 | D99: 10196 | E99: =C99+D99 -> 49800 | F99: =C99/E99 -> 0.79526104 | G99: ='Lokal ligning'!F78 -> 72248697 | H99: =G99*1% -> 722486.97 | I99: 15 | J99: 41 | K99: 9 | L99: 22 | M99: =Befolkning!G73 -> 2833
A100: Aarhus | B100: Hobro-Mariager Provsti | C100: 18819 | D100: 4992 | E100: =C100+D100 -> 23811 | F100: =C100/E100 -> 0.790349 | G100: ='Lokal ligning'!F97 -> 73630048 | H100: =G100*1% -> 736300.48 | I100: 12 | J100: 21 | K100: 7 | L100: 12 | M100: =Befolkning!G97 -> -794
...

Sheet Befolkning
B1: Befolkningsfremskrivning 2025 efter kommune og tid
B2: Enhed: Antal
A3: Provsti | B3: Kommune | C3: 2026 | D3: 2041 | G3: Vækst (+/-) | I3: Procentvis ændring
A4: Amagerbro/Bispebjerg-Brønshøj/Holmens-Østerbro/Nørrebro/Vor Frue Vesterbro | B4: København | C4: 672684 | D4: 701953 | G4: =D4-C4 -> 29269 | I4: =G4/C4 -> 0.043510772
A5: Frederiksberg | B5: Frederiksberg | C5: 105909 | D5: 102108 | G5: =D5-C5 -> -3801 | I5: =G5/C5 -> -0.035889301
A6: Amagerland provsti | B6: Dragør | C6: 14377 | D6: 13286 | E6: =C6+C7 -> 58667 | F6: =D6+D7 -> 58864 | G6: =F6-E6 -> 197 | I6: =G6/E6 -> 0.0033579355
A7: Amagerland provsti | B7: Tårnby | C7: 44290 | D7: 45578 | G7: =D7-C7 -> 1288
A8: Glostrup | B8: Albertslund | C8: 28207 | D8: 28466 | E8: =C8+C10+C13+C20 -> 113106 | F8: =D8+D10+D13+D20 -> 123241 | G8: =F8-E8 -> 10135 | I8: =G8/E8 -> 0.08960621
A9: Ballerup-Furesø | B9: Ballerup | C9: 53602 | D9: 60005 | E9: =C9+C25 -> 96413 | F9: =D9+D25 -> 104806 | G9: =F9-E9 -> 8393 | I9: =G9/E9 -> 0.087052576
A10: Glostrup | B10: Brøndby | C10: 41311 | D10: 48759 | G10: =D10-C10 -> 7448 | I10: =G10/C10 -> 0.18029096
A11: Gentofte | B11: Gentofte | C11: 74900 | D11: 71434 | G11: =D11-C11 -> -3466 | I11: =G11/C11 -> -0.046275033
A12: Gladsaxe-Herlev | B12: Gladsaxe | C12: 71257 | D12: 72598 | E12: =C12+C14 -> 102364 | F12: =D12+D14 -> 106345 | G12: =F12-E12 -> 3981 | I12: =G12/E12 -> 0.038890626
A13: Glostrup | B13: Glostrup | C13: 25068 | D13: 26339 | G13: =D13-C13 -> 1271 | I13: =G13/C13 -> 0.05070209
A14: Gladsaxe-Herlev | B14: Herlev | C14: 31107 | D14: 33747 | G14: =D14-C14 -> 2640 | I14: =G14/C14 -> 0.084868358
A15: Rødovre-Hvidovre | B15: Hvidovre | C15: 53895 | D15: 53999 | G15: =D15-C15 -> 104 | I15: =G15/C15 -> 0.0019296781
A16: Høje-Taastrup | B16: Høje-Taastrup | C16: 60271 | D16: 69723 | G16: =D16-C16 -> 9452 | I16: =G16/C16 -> 0.15682501
A17: Høje-Taastrup | B17: Ishøj | C17: 24552 | D17: 25470 | G17: =D17-C17 -> 918 | I17: =G17/C17 -> 0.037390029
A18: Kgs. Lyngby | B18: Lyngby-Taarbæk | C18: 58995 | D18: 59666 | G18: =D18-C18 -> 671 | I18: =G18/C18 -> 0.011373845
A19: Rødovre-Hvidovre | B19: Rødovre | C19: 45403 | D19: 50542 | G19: =D19-C19 -> 5139 | I19: =G19/C19 -> 0.11318635
A20: Glostrup | B20: Vallensbæk | C20: 18520 | D20: 19677 | G20: =D20-C20 -> 1157 | I20: =G20/C20 -> 0.062473002
A21: Hillerød | B21: Allerød | C21: 26101 | D21: 25534 | G21: =D21-C21 -> -567 | I21: =G21/C21 -> -0.021723306
A22: Frederikssund | B22: Egedal | C22: 45903 | D22: 48709 | G22: =D22-C22 -> 2806 | I22: =G22/C22 -> 0.061128902
A23: Fredensborg | B23: Fredensborg | C23: 42396 | D23: 43425 | G23: =D23-C23 -> 1029 | I23: =G23/C23 -> 0.024271158
A24: Frederikssund | B24: Frederikssund | C24: 47367 | D24: 49852 | G24: =D24-C24 -> 2485 | I24: =G24/C24 -> 0.052462685
... A32: Bornholm | B32: Bornholm | C32: 38799 | D32: 35656 | G32: =D32-C32 -> -3143 | I32: =G32/C32 -> -0.081007242
B33: Christiansø | C33: 0 | D33: 0 | G33: =D33-C33 -> 0
A34: Greve-Solrød | B34: Greve | C34: 54037 | D34: 57803 | G34: =D34-C34 -> 3766 | I34: =G34/C34 -> 0.069692988
A35: Køge | B35: Køge | C35: 63684 | D35: 65671 | G35: =D35-C35 -> 1987 | I35: =G35/C35 -> 0.03120093
A36: Lejre | B36: Lejre | C36: 29850 | D36: 31705 | G36: =D36-C36 -> 1855 | I36: =G36/C36 -> 0.062144054
A37: Roskilde | B37: Roskilde | C37: 92142 | D37: 95201 | G37: =D37-C37 -> 3059 | I37: =G37/C37 -> 0.033198758
A38: Greve-Solrød | B38: Solrød | C38: 24960 | D38: 26629 | G38: =D38-C38 -> 1669 | I38: =G38/C38 -> 0.066866987
A39: Tryggevælde | B39: Faxe | C39: 37989 | D39: 38684 | G39: =D39-C39 -> 695 | I39: =G39/C39 -> 0.01829477
A40: Lolland Østre/Lolland Falster | B40: Guldborgsund | C40: 59187 | D40: 55748 | G40: =D40-C40 -> -3439 | I40: =G40/C40 -> -0.058103976
A41: Holbæk | B41: Holbæk | C41: 74960 | D41: 77965 | G41: =D41-C41 -> 3005 | I41: =G41/C41 -> 0.040088047
A42: Kalundborg | B42: Kalundborg | C42: 47965 | D42: 45459 | G42: =D42-C42 -> -2506 | I42: =G42/C42 -> -0.05224643
A43: Lolland Vestre/Maribo | B43: Lolland | C43: 38845 | D43: 34978 | G43: =D43-C43 -> -3867 | I43: =G43/C43 -> -0.099549492
A44: Næstved | B44: Næstved | C44: 85189 | D44: 86157 | G44: =D44-C44 -> 968 | I44: =G44/C44 -> 0.011362969
A45: Odsherred | B45: Odsherred | C45: 32077 | D45: 29595 | G45: =D45-C45 -> -2482 | I45: =G45/C45 -> -0.077376313
... A102: Aalborg Budolfi/Aalborg Nordre/Aalborg Østre/Aalborg Vestre | B102: Aalborg | C102: 225942 | D102: 236360 | G102: =D102-C102 -> 10418 | I102: =G102/C102 -> 0.046109178
B104: På grund af afrundinger vil summering af alle aldre i tabellen afvige fra hele kommunens folketal. | G104: =SUM(G4:G102) -> 170798

Sheet Folkekirkemedlemmer mv
A1: Befolkningen den 1. i kvartalet efter tid, provsti og folkekirkemedlemskab
A2: Enhed: Antal | E2: Medlemsprocent
C3: Medlem af Folkekirken | D3: Ikke medlem af Folkekirken
A4: 2026K2 | B4: 1-01 Københavns Vor Frue Provsti | C4: 0 | D4: 0
B5: 1-02 Københavns Holmens Provsti | C5: 0 | D5: 0
B6: 1-03 Østerbro Provsti | C6: 0 | D6: 0
B7: 1-04 Nørrebro Provsti | C7: 35310 | D7: 41146 | E7: =C7/(C7+D7) -> 0.46183426
B8: 1-05 Vesterbro Provsti | C8: 0 | D8: 0
B9: 1-06 Frederiksberg Provsti | C9: 61301 | D9: 45132 | E9: =C9/(C9+D9) -> 0.57595858
B10: 1-07 Bornholms Provsti | C10: 29081 | D10: 9622 | E10: =C10/(C10+D10) -> 0.75138878
B11: 1-10 Bispebjerg-Brønshøj Provsti | C11: 40597 | D11: 55843 | E11: =C11/(C11+D11) -> 0.42095603
B12: 1-11 Valby-Vanløse Provsti | C12: 56847 | D12: 51901 | E12: =C12/(C12+D12) -> 0.52274065
B13: 1-12 Amagerbro Provsti | C13: 82209 | D13: 87908 | E13: =C13/(C13+D13) -> 0.48324976
B14: 1-13 Amagerland Provsti | C14: 40442 | D14: 18256 | E14: =C14/(C14+D14) -> 0.68898429
B15: 1-14 Vor Frue-Vesterbro Provsti | C15: 51772 | D15: 57055 | E15: =C15/(C15+D15) -> 0.47572753
B16: 1-15 Holmens og Østerbro Provsti | C16: 61354 | D16: 51496 | E16: =C16/(C16+D16) -> 0.54367745
C17: =SUM(C4:C16) -> 458913 | D17: =SUM(D4:D16) -> 418359 | E17: =C17/(C17+D17) -> 0.5231137
B18: 2-03 Gladsaxe-Herlev Provsti | C18: 55870 | D18: 47226 | E18: =C18/(C18+D18) -> 0.54192209
B19: 2-04 Gentofte Provsti | C19: 48605 | D19: 26481 | E19: =C19/(C19+D19) -> 0.6473244
B20: 2-05 Glostrup Provsti | C20: 54408 | D20: 60552 | E20: =C20/(C20+D20) -> 0.47327766
B21: 2-06 Helsingør Domprovsti | C21: 43290 | D21: 21102 | E21: =C21/(C21+D21) -> 0.67228848
B22: 2-07 Fredensborg Provsti | C22: 44535 | D22: 22914 | E22: =C22/(C22+D22) -> 0.66027665
B23: 2-08 Frederikssund Provsti | C23: 68391 | D23: 25713 | E23: =C23/(C23+D23) -> 0.72675976
B24: 2-09 Frederiksværk Provsti | C24: 53698 | D24: 20012 | E24: =C24/(C24+D24) -> 0.7285036
B25: 2-10 Rødovre-Hvidovre Provsti | C25: 56326 | D25: 42965 | E25: =C25/(C25+D25) -> 0.56728203
B26: 2-11 Ballerup-Furesø Provsti | C26: 57614 | D26: 39272 | E26: =C26/(C26+D26) -> 0.59465764
B27: 2-12 Kongens Lyngby Provsti | C27: 36601 | D27: 22321 | E27: =C27/(C27+D27) -> 0.62117715
B28: 2-13 Hillerød Provsti | C28: 56842 | D28: 25402 | E28: =C28/(C28+D28) -> 0.69113856
B29: 2-14 Høje Taastrup Provsti | C29: 37529 | D29: 48047 | E29: =C29/(C29+D29) -> 0.43854585
B30: 2-15 Rudersdal Provsti | C30: 39123 | D30: 18954 | E30: =C30/(C30+D30) -> 0.67364017
C31: =SUM(C18:C30) -> 652832 | D31: =SUM(D18:D30) -> 420961 | E31: =C31/(C31+D31) -> 0.6079682
B32: 3-01 Roskilde Domprovsti | C32: 65635 | D32: 27430 | E32: =C32/(C32+D32) -> 0.70525976
B33: 3-02 Lejre Provsti | C33: 21267 | D33: 8671 | E33: =C33/(C33+D33) -> 0.71036809
B34: 3-03 Køge Provsti | C34: 45332 | D34: 18716 | E34: =C34/(C34+D34) -> 0.70778166
B35: 3-04 Kalundborg Provsti | C35: 37125 | D35: 10717 | E35: =C35/(C35+D35) -> 0.77599181
B36: 3-05 Holbæk Provsti | C36: 55936 | D36: 19193 | E36: =C36/(C36+D36) -> 0.74453274
B37: 3-06 Odsherred Provsti | C37: 25048 | D37: 6886 | E37: =C37/(C37+D37) -> 0.78436776
B38: 3-07 Ringsted-Sorø Provsti | C38: 48894 | D38: 18061 | E38: =C38/(C38+D38) -> 0.73025166
B39: 3-08 Slagelse Provsti | C39: 60360 | D39: 20473 | E39: =C39/(C39+D39) -> 0.74672473
B40: 3-09 Skælskør Provsti | C40: 0 | D40: 0
B41: 3-10 Tryggevælde Provsti | C41: 47101 | D41: 14938 | E41: =C41/(C41+D41) -> 0.75921598
B42: 3-11 Næstved Provsti | C42: 65962 | D42: 19216 | E42: =C42/(C42+D42) -> 0.77440184
B43: 3-12 Stege-Vordingborg Provsti | C43: 34096 | D43: 10719 | E43: =C43/(C43+D43) -> 0.76081669
B44: 3-13 Greve-Solrød Provsti | C44: 53995 | D44: 25292 | E44: =C44/(C44+D44) -> 0.68100697
C45: =SUM(C32:C44) -> 560751 | D45: =SUM(D32:D44) -> 200312 | E45: =C45/(C45+D45) -> 0.73679971
B46: 4-01 Lolland Vestre Provsti | C46: 16207 | D46: 4876 | E46: =C46/(C46+D46) -> 0.76872362
B47: 4-03 Maribo Domprovsti | C47: 12889 | D47: 4444 | E47: =C47/(C47+D47) -> 0.74361045
B48: 4-04 Lolland Østre Provsti | C48: 14300 | D48: 3575 | E48: =C48/(C48+D48) -> 0.8
B49: 4-08 Falster Provsti | C49: 31707 | D49: 9422 | E49: =C49/(C49+D49) -> 0.7709159
C50: =SUM(C46:C49) -> 75103 | D50: =SUM(D46:D49) -> 22317 | E50: =C50/(C50+D50) -> 0.77091973
B51: 5-01 Odense Sankt Knuds Provsti | C51: 70051 | D51: 38666 | E51: =C51/(C51+D51) -> 0.64434265
B52: 5-03 Kerteminde Provsti | C52: 0 | D52: 0
B53: 5-04 Bogense Provsti | C53: 24016 | D53: 5376 | E53: =C53/(C53+D53) -> 0.81709309
B54: 5-05 Assens Provsti | C54: 32527 | D54: 7526 | E54: =C54/(C54+D54) -> 0.81209897
B55: 5-06 Middelfart Provsti | C55: 33146 | D55: 7460 | E55: =C55/(C55+D55) -> 0.81628331
B56: 5-07 Svendborg Provsti | C56: 45484 | D56: 14580 | E56: =C56/(C56+D56) -> 0.75725892
B57: 5-08 Fåborg Provsti | C57: 17515 | D57: 4442 | E57: =C57/(C57+D57) -> 0.7976955
B58: 5-09 Nyborg Provsti | C58: 0 | D58: 0
B59: 5-10 Langelands Provsti | C59: 0 | D59: 0
B60: 5-11 Ærø Provsti | C60: 0 | D60: 0
B61: 5-12 Hjallese Provsti | C61: 79163 | D61: 25551 | E61: =C61/(C61+D61) -> 0.75599251
B62: 5-13 Midtfyn Provsti | C62: 24467 | D62: 5849 | E62: =C62/(C62+D62) -> 0.80706558
B63: 5-14 Langeland-Ærø Provsti | C63: 13767 | D63: 3789 | E63: =C63/(C63+D63) -> 0.78417635
B64: 5-15 Kerteminde-Nyborg Provsti | C64: 44413 | D64: 12358 | E64: =C64/(C64+D64) -> 0.78231844
C65: =SUM(C51:C64) -> 384549 | D65: =SUM(D51:D64) -> 125597 | E65: =C65/(C65+D65) -> 0.75380185
B66: 6-01 Aalborg Budolfi Provsti | C66: 61503 | D66: 23110 | E66: =C66/(C66+D66) -> 0.72687412
B67: 6-02 Aalborg Nordre Provsti | C67: 42762 | D67: 11655 | E67: =C67/(C67+D67) -> 0.78582061
B68: 6-03 Aalborg Vestre Provsti | C68: 22875 | D68: 4368 | E68: =C68/(C68+D68) -> 0.83966524
B69: 6-04 Hadsund Provsti | C69: 14937 | D69: 2764 | E69: =C69/(C69+D69) -> 0.84385063
B70: 6-05 Brønderslev Provsti | C70: 30636 | D70: 5997 | E70: =C70/(C70+D70) -> 0.83629514
B71: 6-07 Hjørring Nordre Provsti | C71: 19297 | D71: 3736 | E71: =C71/(C71+D71) -> 0.83779794
B72: 6-08 Frederikshavn Provsti | C72: 46651 | D72: 10792 | E72: =C72/(C72+D72) -> 0.8121268
B73: 6-09 Jammerbugt Provsti | C73: 31781 | D73: 6152 | E73: =C73/(C73+D73) -> 0.83781931
B74: 6-10 Thisted Provsti | C74: 23769 | D74: 6276 | E74: =C74/(C74+D74) -> 0.79111333
B75: 6-11 Sydthy Provsti | C75: 10580 | D75: 1919 | E75: =C75/(C75+D75) -> 0.84646772
B76: 6-12 Morsø Provsti | C76: 15681 | D76: 3648 | E76: =C76/(C76+D76) -> 0.81126804
B77: 6-13 Aalborg Østre Provsti | C77: 44981 | D77: 15025 | E77: =C77/(C77+D77) -> 0.74960837
... B79: 6-15 Rebild Provsti | C79: 25824 | D79: 5452 | E79: =C79/(C79+D79) -> 0.82568103
C80: =SUM(C66:C79) -> 425600 | D80: =SUM(D66:D79) -> 108146 | E80: =C80/(C80+D80) -> 0.79738302
B81: 7-01 Viborg Domprovsti | C81: 49604 | D81: 12776 | E81: =C81/(C81+D81) -> 0.79519077
B82: 7-02 Viborg Østre Provsti | C82: 30280 | D82: 6077 | E82: =C82/(C82+D82) -> 0.832852
B83: 7-04 Salling Provsti | C83: 14255 | D83: 2687 | E83: =C83/(C83+D83) -> 0.84140007
B84: 7-05 Skive Provsti | C84: 22758 | D84: 4586 | E84: =C84/(C84+D84) -> 0.83228496
B85: 7-06 Vesthimmerlands Provsti | C85: 29509 | D85: 6098 | E85: =C85/(C85+D85) -> 0.82874154
B86: 7-07 Herning Nordre Provsti | C86: 31342 | D86: 6474 | E86: =C86/(C86+D86) -> 0.82880262
B87: 7-08 Holstebro Provsti | C87: 43624 | D87: 9759 | E87: =C87/(C87+D87) -> 0.81718899
B88: 7-09 Herning Søndre Provsti | C88: 39806 | D88: 13233 | E88: =C88/(C88+D88) -> 0.75050435
B89: 7-10 Lemvig Provsti | C89: 15498 | D89: 3028 | E89: =C89/(C89+D89) -> 0.83655403
B90: 7-11 Ikast-Brande Provsti | C90: 43747 | D90: 12776 | E90: =C90/(C90+D90) -> 0.77396812
B91: 7-12 Struer Provsti | C91: 16291 | D91: 3861 | E91: =C91/(C91+D91) -> 0.80840611
C92: =SUM(C81:C91) -> 336714 | D92: =SUM(D81:D91) -> 81355 | E92: =C92/(C92+D92) -> 0.80540294
B93: 8-01 Århus Domprovsti | C93: 82342 | D93: 30241 | E93: =C93/(C93+D93) -> 0.73138929
B94: 8-02 Odder Provsti | C94: 19073 | D94: 5297 | E94: =C94/(C94+D94) -> 0.78264259
B95: 8-03 Skanderborg Provsti | C95: 52414 | D95: 13829 | E95: =C95/(C95+D95) -> 0.79123832
B96: 8-04 Horsens Provsti | C96: 72401 | D96: 26686 | E96: =C96/(C96+D96) -> 0.73068112
B97: 8-05 Silkeborg Provsti | C97: 68967 | D97: 19709 | E97: =C97/(C97+D97) -> 0.77774144
B98: 8-07 Randers Søndre Provsti | C98: 45450 | D98: 11053 | E98: =C98/(C98+D98) -> 0.80438207
B99: 8-08 Hobro-Mariager Provsti | C99: 18819 | D99: 4992 | E99: =C99/(C99+D99) -> 0.790349
B100: 8-09 Syddjurs Provsti | C100: 34869 | D100: 9649 | E100: =C100/(C100+D100) -> 0.78325621
B101: 8-11 Norddjurs Provsti | C101: 29598 | D101: 6898 | E101: =C101/(C101+D101) -> 0.81099299
...

Sheet Lokal ligning
A1: 2026
A2: KOM | B2: KOMNR | C2: Forskudsbeløb | D2: Landskirkeskat 2026 (kr.) | F2: Lokal ligning ekskl. Landskirkeskat
A3: København | B3: 101 | C3: 723225 | D3: 1.3167435e+08 | F3: =(C3*1000)-D3 -> 5.9155065e+08
A4: Frederiksberg | B4: 147 | C4: 98906 | D4: 28811786 | F4: =(C4*1000)-D4 -> 70094214
A5: Ballerup | B5: 151 | C5: 58188 | D5: 11300299 | F5: =(C5*1000)-D5 -> 46887701
A6: Brøndby | B6: 153 | C6: 33879 | D6: 6168111.4 | F6: =(C6*1000)-D6 -> 27710889
A7: Dragør | B7: 155 | C7: 19989 | D7: 4772970.7 | F7: =(C7*1000)-D7 -> 15216029
A8: Gentofte | B8: 157 | C8: 102017 | D8: 39102623 | F8: =(C8*1000)-D8 -> 62914377
A9: Gladsaxe | B9: 159 | C9: 80065 | D9: 15548969 | F9: =(C9*1000)-D9 -> 64516031
A10: Glostrup | B10: 161 | C10: 28640 | D10: 5214436 | F10: =(C10*1000)-D10 -> 23425564
A11: Herlev | B11: 163 | C11: 36234 | D11: 6214861.4 | F11: =(C11*1000)-D11 -> 30019139
A12: Albertslund | B12: 165 | C12: 25163 | D12: 4581350.4 | F12: =(C12*1000)-D12 -> 20581650
A13: Hvidovre | B13: 167 | C13: 56598 | D13: 11449411 | F13: =(C13*1000)-D13 -> 45148589
A14: Høje-Taastrup | B14: 169 | C14: 56827 | D14: 10346222 | F14: =(C14*1000)-D14 -> 46480778
... A100: Hjørring | B100: 860 | C100: 130322 | D100: 15950977 | F100: =(C100*1000)-D100 -> 1.1437102e+08
D101: 1.4765113e+09 | F101: =SUM(F3:F100) -> 7.3257877e+09

Sheet Præster
A1: Stift/Provsti | B1: Antal Præster
A2: Fyens Stift
A3: (tom) | B3: 1
A4: Assens Provsti | B4: 18
A5: Bogense Provsti | B5: 14
A6: Fåborg Provsti | B6: 10
A7: Hjallese Provsti | B7: 36
A8: Kerteminde-Nyborg Provsti | B8: 21
A9: Langeland-Ærø Provsti | B9: 11
A10: Middelfart Provsti | B10: 13
A11: Midtfyn Provsti | B11: 8
A12: Odense Sankt Knuds Provsti | B12: 26
A13: Svendborg Provsti | B13: 20
A15: Haderslev Stift
A16: (tom) | B16: 9
A17: Fredericia Provsti | B17: 20
A18: Haderslev Domprovsti | B18: 27
A19: Hedensted Provsti | B19: 22
A20: Kolding Provsti | B20: 34
A21: Sønderborg Provsti | B21: 27
A22: Vejle Provsti | B22: 40
A23: Aabenraa Provsti | B23: 24
A24: Helsingør Stift
A25: Ballerup-Furesø Provsti | B25: 25
A26: Fredensborg Provsti | B26: 17
A27: Frederikssund Provsti | B27: 32
A28: Frederiksværk Provsti | B28: 23
A29: Gentofte Provsti | B29: 19
A30: Gladsaxe-Herlev Provsti | B30: 28
A31: Glostrup Provsti | B31: 29
A32: Helsingør Domprovsti | B32: 21
A33: Hillerød Provsti | B33: 27
A34: Høje Taastrup Provsti | B34: 18
A35: Kongens Lyngby Provsti | B35: 18
A36: Rudersdal Provsti | B36: 20
A37: Rødovre-Hvidovre Provsti | B37: 25
A38: Københavns Stift
A39: (tom) | B39: 1
A40: Amagerbro Provsti | B40: 33
A41: Amagerland Provsti | B41: 18
A42: Bispebjerg-Brønshøj Provsti | B42: 25
A43: Bornholms Provsti | B43: 18
A44: Frederiksberg Provsti | B44: 28
A45: Holmens og Østerbro Provsti | B45: 28
A46: Nørrebro Provsti | B46: 19
A47: Valby-Vanløse Provsti | B47: 24
A48: Vor Frue-Vesterbro Provsti | B48: 32
A49: Lolland-Falsters Stift
A50: Falster Provsti | B50: 22
A51: Lolland Vestre Provsti | B51: 13
A52: Lolland Østre Provsti | B52: 10
A53: Maribo Domprovsti | B53: 10
A54: Ribe Stift
A55: (tom) | B55: 2
A56: Grene Provsti | B56: 18
A57: Malt Provsti | B57: 16
A58: Ribe Domprovsti | B58: 15
A59: Ringkøbing Provsti | B59: 16
A60: Skads Provsti | B60: 32
A61: Skjern Provsti | B61: 15
A62: Tønder Provsti | B62: 18
A63: Varde Provsti | B63: 21
A64: Roskilde Stift
A65: (tom) | B65: 4
A66: Greve-Solrød Provsti | B66: 25
A67: Holbæk Provsti | B67: 31
A68: Kalundborg Provsti | B68: 21
A69: Køge Provsti | B69: 21
A70: Lejre Provsti | B70: 11
A71: Næstved Provsti | B71: 31
A72: Odsherred Provsti | B72: 12
A73: Ringsted-Sorø Provsti | B73: 27
A74: Roskilde Domprovsti | B74: 32
A75: Slagelse Provsti | B75: 31
A76: Stege-Vordingborg Provsti | B76: 17
A77: Tryggevælde Provsti | B77: 21
A78: Viborg Stift
A79: Herning Nordre Provsti | B79: 18
A80: Herning Søndre Provsti | B80: 20
A81: Holstebro Provsti | B81: 22
A82: Ikast-Brande Provsti | B82: 21
A83: Lemvig Provsti | B83: 12
A84: Salling Provsti | B84: 9
A85: Skive Provsti | B85: 10
A86: Struer Provsti | B86: 10
A87: Vesthimmerlands Provsti | B87: 15
A88: Viborg Domprovsti | B88: 27
A89: Viborg Østre Provsti | B89: 19
A90: Aalborg Stift
A91: (tom) | B91: 8
A92: Brønderslev Provsti | B92: 13
A93: Frederikshavn Provsti | B93: 21
A94: Hadsund Provsti | B94: 11
A95: Hjørring Nordre Provsti | B95: 14
A96: Hjørring Søndre Provsti | B96: 15
A97: Jammerbugt Provsti | B97: 13
A98: Morsø Provsti | B98: 7
A99: Rebild Provsti | B99: 13
A100: Sydthy Provsti | B100: 7
A101: Thisted Provsti | B101: 12
...

Sheet Pastorater
A1: Stift/Provsti | B1: Antal Pastorater
A2: Fyens Stift | B2: 128
A3: Assens Provsti | B3: 16
A4: Bogense Provsti | B4: 11
A5: Fåborg Provsti | B5: 9
A6: Hjallese Provsti | B6: 17
A7: Kerteminde-Nyborg Provsti | B7: 18
A8: Langeland-Ærø Provsti | B8: 7
A9: Middelfart Provsti | B9: 10
A10: Midtfyn Provsti | B10: 11
A11: Odense Sankt Knuds Provsti | B11: 11
A12: Svendborg Provsti | B12: 18
A13: Haderslev Stift | B13: 125
... A113: Aarhus Vestre Provsti | B113: 10
A114: (tom)
A115: (tom)
A116: Hovedtotal | B116: 1145

Sheet Menighedsråd
A1: Stift/Provsti | B1: Antal menighedsråd
A2: Fyens Stift | B2: 157
A3: Assens Provsti | B3: 22
A4: Bogense Provsti | B4: 18
A5: Fåborg Provsti | B5: 14
A6: Hjallese Provsti | B6: 20
A7: Kerteminde-Nyborg Provsti | B7: 18
A8: Langeland-Ærø Provsti | B8: 9
A9: Middelfart Provsti | B9: 13
A10: Midtfyn Provsti | B10: 13
A11: Odense Sankt Knuds Provsti | B11: 11
A12: Svendborg Provsti | B12: 19
A13: Haderslev Stift | B13: 145
... A114: Hovedtotal | B114: 1545

Sheet Detalje1
A1: Detaljer for Antal Kirker - Provsti: Hillerød Provsti, Stift: Helsingør Stift
A3: Stift | B3: Provsti | C3: Sognekode | D3: Sogn | E3: Navn | F3: Kirketype
A4: Helsingør Stift | B4: Hillerød Provsti | C4: 9241 | D4: Gadevang Sogn | E4: Gadevang Kirke | F4: Kirke
A5: Helsingør Stift | B5: Hillerød Provsti | C5: 9155 | D5: Engholm Sogn | E5: Engholmkirken | F5: Kirke
A6: Helsingør Stift | B6: Hillerød Provsti | C6: 9154 | D6: Grønnevang Sogn | E6: Grønnevang Kirke | F6: Kirke
A7: Helsingør Stift | B7: Hillerød Provsti | C7: 7467 | D7: Ullerød Sogn | E7: Ullerød Kirke | F7: Kirke
A8: Helsingør Stift | B8: Hillerød Provsti | C8: 7450 | D8: Lillerød Sogn | E8: Lillerød Kirke | F8: Kirke
A9: Helsingør Stift | B9: Hillerød Provsti | C9: 7449 | D9: Blovstrød Sogn | E9: Blovstrød Kirke | F9: Kirke
A10: Helsingør Stift | B10: Hillerød Provsti | C10: 7436 | D10: Frederiksborg Slotssogn | E10: Nyhuse Kapel | F10: Kirke
A11: Helsingør Stift | B11: Hillerød Provsti | C11: 7436 | D11: Frederiksborg Slotssogn | E11: Frederiksborg Slotskirke | F11: Kirke
A12: Helsingør Stift | B12: Hillerød Provsti | C12: 7429 | D12: Nødebo Sogn | E12: Nødebo Kirke | F12: Kirke
A13: Helsingør Stift | B13: Hillerød Provsti | C13: 7426 | D13: Uggeløse Sogn | E13: Uggeløse Kirke | F13: Kirke
A14: Helsingør Stift | B14: Hillerød Provsti | C14: 7425 | D14: Lynge Sogn | E14: Lynge Kirke | F14: Kirke
... A28: Helsingør Stift | B28: Hillerød Provsti | C28: 7401 | D28: Tjæreby Sogn | E28: Tjæreby Kirke | F28: Kirke

Sheet Kirker
A1: Stift/Provsti | B1: Antal Kirker
A2: Fyens Stift | B2: 275
A3: Assens Provsti | B3: 31
A4: Bogense Provsti | B4: 30
A5: Fåborg Provsti | B5: 20
A6: Hjallese Provsti | B6: 27
A7: Kerteminde-Nyborg Provsti | B7: 39
A8: Langeland-Ærø Provsti | B8: 30
A9: Middelfart Provsti | B9: 24
A10: Midtfyn Provsti | B10: 23
A11: Odense Sankt Knuds Provsti | B11: 17
A12: Svendborg Provsti | B12: 34
A13: Haderslev Stift | B13: 222
... A113: Aarhus Vestre Provsti | B113: 21
A114: (tom)
A115: (tom)
A116: Hovedtotal | B116: 2657

Sheet Kirker fordelt efter art
A1: Antal af Navn | B1: Kolonnemærkater
A2: Rækkemærkater | B2: Filialkirke | C2: Fængselskirke | D2: Kirke | E2: Kirkesal | F2: (tom) | G2: Hovedtotal
A3: Fyens Stift | B3: 8 | C3: 2 | D3: 255 | E3: 10 | G3: 275
A4: Assens Provsti | D4: 30 | E4: 1 | G4: 31
A5: Bogense Provsti | B5: 3 | D5: 27 | G5: 30
A6: Fåborg Provsti | B6: 1 | D6: 19 | G6: 20
A7: Hjallese Provsti | D7: 26 | E7: 1 | G7: 27
A8: Kerteminde-Nyborg Provsti | C8: 1 | D8: 35 | E8: 3 | G8: 39
A9: Langeland-Ærø Provsti | B9: 3 | D9: 27 | G9: 30
A10: Middelfart Provsti | D10: 22 | E10: 2 | G10: 24
A11: Midtfyn Provsti | C11: 1 | D11: 20 | E11: 2 | G11: 23
A12: Odense Sankt Knuds Provsti | D12: 16 | E12: 1 | G12: 17
A13: Svendborg Provsti | B13: 1 | D13: 33 | G13: 34
A14: Haderslev Stift | B14: 9 | C14: 1 | D14: 210 | E14: 2 | G14: 222
A15: Fredericia Provsti | D15: 14 | G15: 14
A16: Haderslev Domprovsti | B16: 2 | D16: 30 | G16: 32
A17: Hedensted Provsti | C17: 1 | D17: 36 | G17: 37
A18: Kolding Provsti | B18: 1 | D18: 38 | G18: 39
A19: Sønderborg Provsti | B19: 1 | D19: 35 | G19: 36
A20: Vejle Provsti | B20: 2 | D20: 34 | E20: 2 | G20: 38
A21: Aabenraa Provsti | B21: 3 | D21: 23 | G21: 26
A22: Helsingør Stift | B22: 13 | C22: 2 | D22: 189 | E22: 3 | G22: 207
A23: Ballerup-Furesø Provsti | B23: 4 | D23: 9 | G23: 13
A24: Fredensborg Provsti | B24: 3 | D24: 10 | G24: 13
A25: Frederikssund Provsti | B25: 1 | D25: 27 | G25: 28
A26: Frederiksværk Provsti | B26: 2 | D26: 23 | G26: 25
A27: Gentofte Provsti | D27: 13 | E27: 1 | G27: 14
A28: Gladsaxe-Herlev Provsti | D28: 14 | G28: 14
A29: Glostrup Provsti | C29: 2 | D29: 15 | G29: 17
A30: Helsingør Domprovsti | B30: 1 | D30: 11 | G30: 12
A31: Hillerød Provsti | D31: 25 | G31: 25
A32: Høje Taastrup Provsti | B32: 1 | D32: 10 | G32: 11
A33: Kongens Lyngby Provsti | D33: 10 | G33: 10
A34: Rudersdal Provsti | D34: 11 | G34: 11
A35: Rødovre-Hvidovre Provsti | B35: 1 | D35: 11 | E35: 2 | G35: 14
A36: Københavns Stift | B36: 7 | D36: 138 | E36: 5 | G36: 150
A37: Amagerbro Provsti | D37: 16 | G37: 16
A38: Amagerland Provsti | D38: 9 | G38: 9
A39: Bispebjerg-Brønshøj Provsti | D39: 14 | G39: 14
A40: Bornholms Provsti | B40: 2 | D40: 26 | E40: 1 | G40: 29
A41: Frederiksberg Provsti | B41: 1 | D41: 14 | E41: 3 | G41: 18
A42: Holmens og Østerbro Provsti | B42: 1 | D42: 19 | G42: 20
A43: Nørrebro Provsti | B43: 3 | D43: 9 | G43: 12
A44: Valby-Vanløse Provsti | D44: 12 | G44: 12
A45: Vor Frue-Vesterbro Provsti | D45: 19 | E45: 1 | G45: 20
A46: Lolland-Falsters Stift | B46: 5 | D46: 111 | G46: 116
A47: Falster Provsti | B47: 4 | D47: 34 | G47: 38
A48: Lolland Vestre Provsti | D48: 32 | G48: 32
A49: Lolland Østre Provsti | B49: 1 | D49: 22 | G49: 23
A50: Maribo Domprovsti | D50: 23 | G50: 23
A51: Ribe Stift | B51: 5 | C51: 2 | D51: 226 | G51: 233
A52: Grene Provsti | B52: 1 | C52: 1 | D52: 27 | G52: 29
A53: Malt Provsti | D53: 30 | G53: 30
A54: Ribe Domprovsti | B54: 1 | D54: 23 | G54: 24
A55: Ringkøbing Provsti | B55: 2 | D55: 27 | G55: 29
A56: Skads Provsti | D56: 23 | G56: 23
A57: Skjern Provsti | D57: 32 | G57: 32
A58: Tønder Provsti | C58: 1 | D58: 31 | G58: 32
A59: Varde Provsti | B59: 1 | D59: 33 | G59: 34
A60: Roskilde Stift | B60: 15 | D60: 355 | E60: 9 | G60: 379
A61: Greve-Solrød Provsti | B61: 3 | D61: 13 | E61: 1 | G61: 17
A62: Holbæk Provsti | D62: 35 | E62: 2 | G62: 37
A63: Kalundborg Provsti | B63: 2 | D63: 37 | G63: 39
A64: Køge Provsti | B64: 2 | D64: 17 | G64: 19
A65: Lejre Provsti | D65: 18 | G65: 18
A66: Næstved Provsti | B66: 1 | D66: 45 | E66: 1 | G66: 47
A67: Odsherred Provsti | B67: 2 | D67: 17 | G67: 19
A68: Ringsted-Sorø Provsti | B68: 2 | D68: 36 | E68: 1 | G68: 39
A69: Roskilde Domprovsti | B69: 2 | D69: 23 | E69: 1 | G69: 26
A70: Slagelse Provsti | B70: 1 | D70: 45 | E70: 2 | G70: 48
A71: Stege-Vordingborg Provsti | D71: 30 | G71: 30
A72: Tryggevælde Provsti | D72: 39 | E72: 1 | G72: 40
A73: Viborg Stift | B73: 8 | D73: 300 | E73: 5 | G73: 313
A74: Herning Nordre Provsti | B74: 1 | D74: 24 | G74: 25
A75: Herning Søndre Provsti | D75: 21 | G75: 21
A76: Holstebro Provsti | D76: 25 | E76: 1 | G76: 26
A77: Ikast-Brande Provsti | B77: 2 | D77: 26 | G77: 28
A78: Lemvig Provsti | B78: 1 | D78: 27 | E78: 3 | G78: 31
A79: Salling Provsti | D79: 33 | G79: 33
A80: Skive Provsti | B80: 1 | D80: 15 | G80: 16
A81: Struer Provsti | D81: 17 | E81: 1 | G81: 18
A82: Vesthimmerlands Provsti | D82: 39 | G82: 39
A83: Viborg Domprovsti | B83: 3 | D83: 34 | G83: 37
A84: Viborg Østre Provsti | D84: 39 | G84: 39
A85: Aalborg Stift | B85: 16 | D85: 338 | E85: 3 | G85: 357
A86: Brønderslev Provsti | B86: 1 | D86: 21 | G86: 22
A87: Frederikshavn Provsti | B87: 5 | D87: 27 | G87: 32
A88: Hadsund Provsti | D88: 14 | G88: 14
A89: Hjørring Nordre Provsti | B89: 1 | D89: 22 | G89: 23
A90: Hjørring Søndre Provsti | B90: 5 | D90: 24 | E90: 1 | G90: 30
A91: Jammerbugt Provsti | B91: 1 | D91: 32 | G91: 33
A92: Morsø Provsti | D92: 34 | G92: 34
A93: Rebild Provsti | D93: 30 | G93: 30
A94: Sydthy Provsti | D94: 26 | G94: 26
A95: Thisted Provsti | B95: 1 | D95: 33 | E95: 1 | G95: 35
A96: Aalborg Budolfi Provsti | B96: 1 | D96: 14 | G96: 15
A97: Aalborg Nordre Provsti | D97: 24 | G97: 24
A98: Aalborg Vestre Provsti | D98: 18 | G98: 18
A99: Aalborg Østre Provsti | B99: 1 | D99: 19 | E99: 1 | G99: 21
A100: Aarhus Stift | B100: 12 | C100: 1 | D100: 383 | E100: 9 | G100: 405
...

Sheet Graf befolkning
A2: Fyen | B2: =Tabel!M12 -> 9991
A3: Haderslev | B3: =Tabel!M20 -> 9618
A4: Helsingør | B4: =Tabel!M34 -> 48035
A5: København | B5: =Tabel!M44 -> 22522
A6: Lolland Falster | B6: =Tabel!M49 -> -7306
A7: Ribe | B7: =Tabel!M58 -> -13195
A8: Roskilde | B8: =Tabel!M71 -> 13148
A9: Viborg | B9: =Tabel!M83 -> -14373
A10: Aalborg | B10: =Tabel!M98 -> -4391
A11: Aarhus | B11: =Tabel!M113 -> 92945
B13: =SUM(B2:B12) -> 156994
